87,aabbccbab,31.9518007627895,865,41,aab
786,bdccbab,24.1519078808511,894,51,dad
782,aacabbbc,46.9624965975689,855,58,dbca
826,adaacab,2.07338311436646,1355,52,aacd
283,dbabcaac,25.8762994686129,603,52,aabac
799,babd,38.0289771666349,1335,38,dabd
754,abacaaacb,32.1279688381891,1432,66,dabac
437,aaacbaca,44.5101862886117,508,68,bbca
880,abcbacad,0.27594996255068,1286,54,ddb
162,bbcabaca,55.9578028172356,1096,45,aacb
413,dababbb,37.2113523819314,1407,41,dbcab
488,aacbcbaca,2.86761324099136,842,72,dbcb
42,dabab,47.3219836228916,648,77,dacab
797,adabd,22.166579829577,527,47,bac
943,dbacaabbbaca,41.570777681129,1022,34,dbd
477,dbcabbac,47.2246892010952,510,52,ad
131,dabacabacab,3.08319474889548,1410,68,bbc
563,aabbacacab,27.7748682843802,945,37,ab
257,bdab,12.7027962607265,810,75,bba
316,aabccbaa,53.8861129226041,1257,70,dda
210,bccbabacabaca,41.1646770819059,1367,61,babb
96,babccbabc,46.7252164699854,1495,53,dabbc
108,dacabad,58.1052897593913,1040,62,dad
323,aaacccba,49.6967644881668,745,32,dac
918,dbacaaac,0.787796172783928,893,59,abd
156,bbcaaac,29.8362817617028,1131,50,ab
956,aabdbaca,0.163748754080397,1027,74,bab
204,dacababacab,42.6400870314135,1188,64,bad
907,aaacabacab,43.6962371032841,1279,49,db
579,adbcabb,31.0300485746053,752,56,da
946,dccbaaaca,5.83194709806163,533,39,dda
700,dbcaacb,8.44195650134111,1353,54,bbc
27,dabbbbaca,1.05481427191026,1037,55,daa
358,abacaabbbaca,26.1425161011022,598,72,aab
81,dabbacaaac,11.3189958654495,1186,68,aaba
88,bacaba,30.6515029280738,1343,49,dab
525,aabbd,31.1160031942608,703,57,b
615,dacabc,35.7211580296709,744,38,aabac
658,babbcab,19.7347635646753,782,32,dbcd
344,dabcbcd,0.488737272770702,1399,44,b
23,dba,38.5531116408877,1079,59,abcab
605,baccba,18.8857831230303,885,60,aaba
578,aabcccbabaca,7.91716023157856,747,76,babb
395,dbcacabccba,28.8210462229897,1252,53,ab
145,baacab,36.5245293240093,1110,45,bbca
683,baacbacaacab,6.21342100908458,1042,33,dbcab
904,adbcd,21.5227004439325,845,42,dabab
360,baacabacab,32.9334443824677,1453,49,babc
457,ddacabd,56.8743059268622,1065,62,aab
154,baccbaac,30.7654698258356,1132,51,ddac
954,bbababc,54.0120003723899,1090,38,ada
439,aabccba,4.72464421565253,785,60,bd
32,dabcbcacab,41.6447314455774,1348,70,babc
749,aacaccba,20.2961985081312,1283,53,aaca
333,bbacabccba,48.3450670659343,733,56,aabd
717,dabbbacaa,56.4024493026338,502,41,daba
356,ababbabc,48.8351071834572,965,42,aa
445,aabbbbaca,45.7283916006007,1444,66,db
990,bbacaccbaaac,58.7609591507242,1128,34,aabb
301,abdacab,56.104733925085,1147,39,dacac
139,bbcabb,27.2170430210027,1092,55,bbcbc
429,daacabbacab,47.2802359935623,615,70,da
290,bbacaccbaab,42.6094824098369,1491,64,ada
1,dabbaca,34.5416433979031,1124,37,bbbc
714,dacab,4.77896069189225,938,38,bacb
594,aadbc,6.97874501800044,949,76,abcd
327,dccbaabbbc,29.1780007474383,1048,67,abab
758,babbaab,8.96483597867549,1469,74,bdd
659,aacabab,51.8402756403794,608,71,daca
876,dbacababc,15.3661410902201,914,74,bbca
793,babcbacaabb,6.34615275750301,518,31,aaba
146,dacabacabbc,37.8249421585474,691,45,dbc
726,bdaaca,10.2227968212507,920,36,bb
953,dbacaaacccba,30.840936819003,1082,61,bbac
875,abacaabc,3.09663802706548,1151,68,bacb
213,ddab,12.8397208807969,936,75,ddbc
842,bbaacb,57.6517430191749,1370,46,bbc
890,dab,24.5738895464954,998,56,dbcac
939,baacbacaabc,40.0439633091136,519,36,dbcbc
240,bbacaccbaa,6.11072504932575,1425,63,bda
355,bacabacab,45.339045406898,1266,39,bdd
711,aaacacd,29.2426166527198,1187,59,dacb
568,aaacabcab,43.9570766355769,1236,79,aaba
871,dbacaccbaccba,35.3923384154886,1324,31,bb
968,babbacad,40.793497995352,829,53,aaba
861,baccba,46.3263909745527,871,74,dbd
548,baacaacab,45.756247910563,900,39,aabab
795,aacabcbc,4.67905291937641,1215,75,dd
769,aacabaac,18.2898219620249,663,47,dacbc
785,bbacababb,37.646669040698,1358,39,dbc
274,dabcbaca,55.8993026961933,544,80,abbc
982,aaacaabc,37.5318320731139,1369,50,daca
849,bacabac,22.3093332715343,1341,42,bbcd
318,aabaac,29.9350241030625,1009,50,da
808,accbabacaabb,22.3352194102845,1411,78,bad
279,dacababac,19.4177852686868,526,39,ad
798,bccbabac,14.8296136990375,580,69,dba
52,aabbbcb,52.9685922447762,1438,41,aacbc
949,abcacabd,18.2086407669508,1005,56,db
126,aabbbacaa,46.7551224156731,899,62,bbc
265,aacaacab,29.879246209148,1056,64,baa
238,aacabbaca,13.07399362057,587,31,dbac
61,abcabccba,23.8484723179623,983,70,abd
431,adccbabaca,55.9660392643346,1053,44,ddab
986,babcccbab,54.6530251689153,1150,51,aabac
451,babcbacaab,29.2702207456629,1397,53,aacab
434,baacabccba,57.5988247691707,1439,46,dabb
428,dbacaabb,7.96155960193564,1300,52,adab
833,dbcccbaaac,31.8043708254126,1298,55,dad
407,bbacaaacabc,9.99565447674429,1210,31,babd
999,aabacab,31.6441959893865,1080,64,bb
247,dabbab,25.5578762556258,791,72,bbcac
850,aabbab,22.3099119205351,763,47,aac
638,baacacabbaca,28.5672860629442,607,56,abbc
661,babbbcacab,2.74844183971384,1307,79,babd
117,accbaabb,38.1355427267638,867,66,dbcd
353,bbcaacccba,40.5168985917377,674,69,aabd
529,aabbda,22.0296531860112,1029,65,dabbc
583,bbacaababb,32.8365439939106,963,52,dacab
779,baacaac,32.6212141391566,1398,34,abcbc
414,bdbaac,30.8667309094422,1305,34,dbac
846,accbaccbaab,4.81388138636253,1435,56,aad
773,bccbabcaac,59.1118531607341,565,36,adb
79,bbcbacaaac,41.2284759084721,724,31,aab
781,dbacaad,39.6823643935084,702,56,dbcbc
538,dbacaacaba,12.0971882512786,570,45,ddb
619,bbacaab,56.4654899313446,656,36,aabab
884,babcabbccba,10.4791787732231,1071,43,dacb
772,aacabd,14.3277253963127,864,72,abb
372,aacabbacabc,18.7910338327816,792,32,dbcb
324,dbacaabcacab,19.6976709577805,1220,68,aac
809,dabbcac,37.4009932091631,1274,40,adab
157,aacd,46.7106706611833,1405,41,ada
469,baabcacab,57.9492544046764,1457,44,aac
455,ddbbaca,24.3173616274007,813,59,aabc
167,dbacaccbabc,19.9251000213843,743,56,bbb
891,abcd,47.1942238793523,879,33,dba
71,bbacadccba,16.2804954163534,1033,35,abcab
19,dacababcbaca,46.4269178862888,1098,68,abcab
738,dacdaac,19.7483020846914,1408,32,adab
177,babbbd,36.2614470409147,888,80,aab
442,aacabdabc,47.3816550702999,1068,59,daba
425,bacacabacab,57.3256920287831,833,49,bbcbc
654,ddda,2.00574470872402,1302,41,baba
412,ddda,19.5693288883244,823,64,bad
415,adabccba,15.1383428530357,1066,74,dbc
40,bbcccbaac,43.090944221778,1144,37,babd
983,dccbaacaac,25.2678316021973,923,72,babb
945,aabcababc,52.021240570034,1478,73,dbcab
586,aacababbccba,37.9983640209235,1317,78,abcab
674,aacabbca,26.5534263476935,741,41,dacb
14,dabbdccba,1.24862612058589,1294,66,dacac
814,dabcabbac,30.6894189402159,708,42,babd
618,dccbadd,47.6250846766424,969,46,da
640,dbcbabb,26.8960152001767,854,49,babd
770,aabbda,11.28295111441,728,36,dacac
216,baabba,17.2463332598613,614,37,dbcab
440,bccbabcd,4.54762232548434,841,76,bb
267,dadabc,39.7834331139368,1076,56,aa
107,bacabb,1.22360917535637,1466,32,bd
159,dabd,24.0206818120199,647,65,db
214,aaacacac,20.4595531545591,1499,54,daba
626,bbcaacab,14.4003015440064,1310,31,dacac
209,dccbaccbaabc,3.77526254684627,1211,79,ab
392,dabaca,16.4486540056361,825,53,baa
854,aacababcab,24.1101878713286,739,72,bbab
336,accbaaac,7.16839530824691,658,50,adac
98,daab,43.8479390165605,1462,66,dabab
767,adab,8.65623861148377,716,74,dbc
556,aacabbacaacab,12.8767946189212,1339,36,aabab
868,abacaabb,38.3725195355056,912,43,dbcb
373,aacccbaaac,58.8752497994947,1401,73,dab
853,babbacabbaca,20.1365076099468,541,38,aaab
998,abacaacaac,29.6298276010619,772,67,db
202,dbacaabcbc,16.1943708447239,783,33,abab
641,dbabcacab,52.9659240085367,939,61,daca
134,accbababb,45.7542295783277,1143,66,aaca
109,dabbaab,49.6719614411051,1267,65,aaab
760,aaacacab,16.2855354464377,552,41,bbc
987,abacaaac,55.9535459825798,1340,54,dacab
625,bbbca,35.2084300409641,1111,59,babbc
701,abacabaac,13.2865987258163,1203,75,aabc
736,dacabbcab,5.21983766506227,1445,50,dacb
824,abcacac,11.3036635231629,831,76,da
271,bbacabbaca,5.6209613034745,1061,32,dad
528,bababcd,28.8773442039997,774,53,bdac
931,aacaacacab,5.50801278480467,635,51,dba
964,aabcacabab,23.5968110766564,1347,50,dabac
421,dabcbacabc,7.32896479810891,562,65,dabb
478,dacabbca,24.3271502889434,947,40,bab
331,bacabdccba,56.9570978111892,1050,75,dac
662,daacccbaacab,57.0754674956888,1038,35,aabac
716,dacabab,30.3209179347112,967,65,bbcbc
388,bccbaabaac,12.5802818504257,667,56,ad
910,aabbccba,5.21811006496526,996,73,dda
64,dbacabacabc,46.3358075395854,1114,69,bad
206,bdacabbc,57.0935688980611,583,54,db
396,abacaabcabb,34.6038194863442,877,55,aa
616,aaacdabb,23.848633695754,599,56,dacbc
644,dabcacbc,49.1269365429701,585,63,bacb
599,bacabbcb,24.0331200231916,1007,79,babb
777,babbdd,30.3832594573263,1331,46,aba
570,accbaccbabaca,52.6020401675165,844,34,ba
622,bacabaacabc,31.8058267968226,671,56,bab
722,ddabc,47.1531953870989,690,38,bbcb
492,bbaacbc,6.90491967350796,1357,35,baca
242,bababcacab,22.3213133869867,1121,78,dac
862,dacacabaac,21.901222951655,1312,56,dabac
359,bbbacaa,53.2178621099743,1392,51,bacac
517,aabcbacaacab,28.6769183990168,1255,32,dbca
663,dacabac,53.512670260824,1206,51,aabd
629,aacababb,43.3550000381663,1170,44,adab
314,baaabb,12.4852312697682,954,31,aac
234,dbbcbaca,35.9355061381385,1117,72,babab
77,baacab,24.6268313427455,904,53,bdac
607,dabccbaabb,48.4870323780599,1365,60,ad
550,baacabacab,34.0241190349719,1350,61,dab
58,babbbcbc,28.8544473437887,764,65,bb
31,bbcbabb,44.2471796741469,1004,60,abcab
869,babdabc,15.9645716891719,1016,79,adab
856,babbbc,27.7816465167602,891,61,aabbc
249,dabbacabb,1.28857795383476,1230,56,abab
270,dbacabcabc,14.5679425718091,881,78,dd
970,aacabaacaac,44.0155060413262,1485,47,ada
73,bacababaca,59.9658155168064,1196,78,dd
67,dacaac,2.77419078302968,994,57,bb
137,daacccba,28.03359363778,930,59,aacbc
285,dccbabb,45.3781843239174,1256,48,bbd
34,bacaba,46.6992134480717,959,78,adbc
878,aacabbc,47.7129773313326,1359,75,dbcac
189,dbdac,30.6595557400011,737,31,bacd
103,bbacaabcaac,55.5405302054354,897,78,aabc
973,ababbaac,45.9285618666001,1459,40,bba
430,dabcccba,14.3795354597996,1120,51,daa
829,aabacccba,12.0840528057547,1314,40,aa
879,bccbaaacac,8.41155115292401,1240,60,dbbc
691,aababbaac,20.9845568528481,555,78,dbc
544,baad,58.9929040698714,720,42,baa
467,bacbacaacab,34.7929864789488,1109,59,aacbc
168,abacaad,58.2692497818864,511,70,aac
199,dabbacab,22.57363736581,1458,58,bb
479,bacbbc,31.1346679169139,558,72,aabd
643,accbaacab,46.4063216152612,542,44,dacb
113,bccbaacabb,31.6720883982826,736,76,aacac
902,babaaca,42.7910942060454,1000,61,bad
351,aadab,39.6969941021927,1254,73,abc
733,babcaacbc,4.03282930954347,1412,31,aabb
903,bb,19.5745376198383,525,42,db
558,dabcbbc,19.2011201114232,1073,38,abd
223,bbcacaba,56.1626557900584,826,67,abab
438,dbacaabbac,17.969203664001,1161,74,abcac
745,adabcd,29.5268772113762,626,61,daa
895,accbaabcccba,30.3497961971125,1178,41,dbcbc
44,bacabccbaa,8.48090727414665,1158,32,ddbc
712,babcacabbc,54.8512918741762,835,42,dbab
385,bababca,59.2626839153891,705,67,dacab
320,dbaabb,52.2453381810599,1012,68,abcac
942,daccbaab,1.86741711841003,1171,38,da
462,adabcb,17.1034349577541,1228,48,dbcac
533,bdccbaa,57.7922964573284,1404,56,bbcd
347,adbaca,57.3455798231099,1345,54,dbcbc
322,babcccbaabc,45.8370769641656,856,67,abc
2,aabacaa,38.4714432677321,1003,77,dacac
502,aabbabaca,39.5487018374979,1088,36,dbcb
520,baacbcb,36.9534910176699,722,39,dabc
892,dbbcaac,3.29427730867356,1107,57,aacac
3,baacccbaabc,57.091994431762,1336,34,dbc
391,bbaaac,13.9627550581189,710,36,bacd
559,abcaacabc,30.7407923584627,1001,55,dabc
158,dabbacabc,37.5292573767789,790,40,bbca
513,dabbacacab,58.2413259842458,654,69,ad
725,bdac,12.4156006420926,700,51,ddab
844,baacaac,7.9688677762735,1108,76,adab
672,aacabbacaab,54.3536941942125,771,63,dabd
539,dbcccba,54.8303138128024,1281,75,bbca
812,dacb,29.3152844171123,827,68,bda
357,bbcaacbc,0.822926656960429,837,55,bacb
555,dabbaacaac,26.0451094666747,1246,45,bacab
901,dabbabaca,21.4783651565823,1396,46,add
650,bdaa,4.99688919008157,1006,59,dac
499,aaacacabacab,33.3706316169827,1289,31,baca
680,aabb,12.0815195011815,1142,38,bbbc
621,aacababcaac,23.9254321347112,625,66,babac
727,abcacab,44.0051511112997,1430,71,daac
402,babbccbaabc,27.2350836527589,1014,38,daa
491,aacabacabc,9.79770810998529,905,50,babbc
21,bdaacabb,38.0377586222604,1129,70,bacb
932,dbaacbaca,21.8464825892108,776,43,dacbc
822,dacabbabc,36.0474008988269,1467,54,ab
872,bbaac,12.4020723060349,683,73,daab
830,aabbaacac,13.29002566343,673,59,aaca
707,daacaab,0.367389674296501,1015,73,ddd
70,aabccbaacab,58.03123165398,968,45,dabc
36,daacabd,41.1171822699505,1443,80,dac
186,dacabbacabaca,34.9052765191567,1081,54,adab
297,aabacabc,38.8060922007271,1455,67,abcbc
163,abb,58.0994336517582,1382,63,ddbc
165,bdacbc,45.4798972774213,1181,55,aaba
531,babbacbaca,47.5871307193511,652,45,ab
997,bccbaaca,53.873048153669,755,43,abcac
857,bbcbaca,43.7463175827843,1448,36,bba
805,abcbacabaca,27.5668547085334,669,61,babb
938,aabacabb,43.8431234670076,1242,72,ddab
992,dacaacd,22.0158035281815,675,78,aabab
401,bbcabcab,0.594210197970622,1319,61,aacac
231,babbaccba,54.0783734155809,993,48,babd
93,ddacaac,37.9065461770765,1062,50,dbcd
775,baacab,22.0673239010902,1349,43,bdbc
693,bbacab,44.1798414811465,995,77,bd
974,babbacab,24.0921159635778,1493,71,bacac
268,dacd,12.308921920213,1421,46,dac
688,accbadabc,56.783904134169,859,65,abcab
230,aabbaaac,25.7706525173981,618,34,aabc
303,adbacaab,20.6316500542882,1265,31,bdd
817,dacbacaccba,18.2711121655577,1362,72,adac
236,dacababca,54.0931919612818,689,76,baca
685,abbaca,37.931882941428,1461,60,baac
120,dabcabb,1.39571729991168,942,71,abac
135,dabcabcacab,46.2916234980906,1416,69,ab
259,bccbaabc,52.9410479732748,532,73,abcd
487,aabcbbaca,14.5928372223577,1470,43,abd
510,bacababaca,11.3542838964781,1338,65,bbbc
598,bacaacd,1.19869103161756,843,58,aad
254,bccbaabcccba,35.2926951363499,713,69,bab
564,aacabbabb,6.88384228690607,596,31,adb
825,aaacabc,43.2450111008116,592,32,a
667,dacabbd,55.5554933630119,1093,72,abca
328,bbacaab,6.67113792410307,974,36,abcd
778,dbcaac,17.7229814173064,1074,35,dd
851,dbbacaab,52.8422940199815,719,53,dbc
801,babacabc,43.505026799755,1067,74,baba
780,dacacd,7.27286359331048,767,61,abac
981,dbbacaaac,26.7773817471844,815,76,bdac
335,daacccba,27.8870894662172,610,57,dabc
541,aacababbd,22.2312464403376,553,40,dab
756,bacacabc,5.59004524026479,581,50,bb
752,dabaacab,32.6198548909637,1125,53,aac
376,abacaccba,17.9731251338934,760,62,abcac
472,bbcccbabaca,29.847790105439,1388,44,abcab
286,dbac,8.00564463293075,1189,36,baa
561,baacbc,24.3808845990506,1323,73,dbab
597,bbcbacab,2.63423067007561,717,43,bbcbc
915,accbaabbccba,47.2888811220744,961,75,ddab
54,dacabbacaab,26.3867272296296,506,42,aa
33,baab,24.9936818343937,1451,41,abcb
255,aaacacd,28.9095860367393,515,42,bbcbc
681,aacab,51.2576669357641,588,71,dbcac
219,bbdac,12.0542048623735,940,33,bb
818,dccbaabbaac,53.2952716680775,1403,39,dbc
190,bccbaccbaab,35.9549852615521,1237,63,aacd
774,babcabacab,51.6737509111001,597,32,dabac
453,dabbacab,20.1343992599718,915,66,ada
452,babcbacaabc,46.607599867913,1017,49,dbac
776,dccbaacd,28.801592111135,1154,73,bdab
195,aacacbc,14.0250468852315,822,50,bbcb
881,dabcab,8.56075450237294,781,58,dab
459,aacabaabc,30.7630482878587,1360,50,babd
571,aabbacaacab,32.7761858911463,1318,34,aacb
427,dabbccbaaac,17.5999247711591,1103,62,dacac
620,dabbbacad,21.0709736062279,801,38,babd
523,dababcacab,49.6971324109045,1484,76,baa
489,dacdac,9.54184243442316,1141,38,bacb
346,aacaac,37.6248164158262,1368,61,bacbc
916,dacabd,4.07150335157033,1089,54,dabd
338,dbacabcacab,57.8474976124823,1269,56,aac
490,dabcacaba,52.546144807856,681,68,bdab
516,baabbccba,10.1959128550455,672,78,aacab
789,dacacabc,13.7724716406843,726,51,dbc
311,aabcbaca,12.4429810485616,836,66,aaa
207,dccbaaac,2.17695483656391,1204,57,da
383,dbacaaba,6.71637555854051,1487,49,adb
512,bbacaabaac,28.1738495030567,1057,45,abca
963,aabbac,59.1422902379124,1052,68,ad
99,bda,3.10193274566427,586,73,dab
670,abcbaca,29.297993716267,1296,45,bacb
518,dabda,45.6117706332194,698,80,ada
403,abaabb,38.7850326818144,928,77,baa
155,bbacaab,42.0299331097624,1002,38,dbcbc
848,bccbaccbad,57.2487186930606,1276,74,ada
989,bacabaabc,15.7230182642556,629,44,aab
251,abad,42.0108379519877,1475,78,bab
193,babbacabacab,44.949943496057,1021,73,bdab
30,dadabc,22.7892959966225,630,79,dab
573,aaabcacab,22.279155053118,902,61,dab
18,dacabbca,39.2015652542342,1167,48,baca
289,dbacaacabd,22.5010667261385,1472,50,aaa
192,aacababcaac,26.2440191510013,1363,80,dacac
560,accbaabbabb,1.54100221069837,981,52,dac
41,babcccbaabb,16.9781867780914,1173,35,abac
80,dacabacabacab,48.102297663677,661,48,aacab
831,babcabbd,25.236353313141,1494,69,aabab
130,babbbd,46.0980017759552,1018,33,adbc
381,dbacaabc,22.6080358829267,1113,56,dab
503,aaacab,36.6991597343994,1280,36,aacb
582,bbacaabcabb,2.66296972149327,978,49,aacb
164,aacababb,59.2184049772995,1290,40,dacab
13,baacccbaaac,0.366689248586785,530,76,aabc
948,aaacabbaca,0.856338179017627,1165,39,d
927,dbacaaacbaca,19.9939933371807,1309,54,bacbc
59,dbacabab,4.45737323391854,804,54,da
811,bacabacac,2.88313180320019,784,43,bbcb
339,babbacabc,9.85103455825638,1134,49,aacac
183,bccbaabcabc,54.9587953572398,1070,44,bbc
292,ddd,9.8135427147344,568,51,dacac
245,dbaacab,11.609785740292,734,52,aaa
951,dacabbbc,41.0573199754965,1200,59,ada
261,baacabc,1.69750232278596,880,77,dbac
420,badbc,57.8320691691832,927,57,ddd
313,bccbaacababb,23.2521595276264,1480,48,ba
304,abcaccba,31.2467148052098,933,78,da
275,babbaca,19.0213896417815,512,70,aacb
382,bbacaaac,20.8406807572585,1127,79,babab
668,bbabc,56.493790182658,567,46,bd
609,dbacaccbaab,21.6478904471726,758,66,aaca
532,dccbaabbc,53.2398204717142,1287,32,dab
940,ddbacab,9.08613688773985,1413,48,aacd
470,accbaacabbaca,6.3901142868418,1137,64,ba
150,ddbcabc,21.9719908566072,576,79,bdac
185,aabacaac,52.1166360227639,780,57,da
747,dbcbacaa,37.5708682512465,762,65,dbcac
687,bacabaac,6.12174670665801,602,66,bdd
250,daacabb,22.0420822133257,730,51,dab
886,dbcaacabc,17.2357462132978,624,39,bbab
899,dabccbab,35.1550360244515,639,61,dbc
211,aabbacabb,7.37601756598557,680,54,d
859,bccbaabcd,58.7385115143766,1395,72,abcb
387,dccbabcac,55.2880810897302,566,43,aaac
480,bbacabcabb,12.3445195522229,1106,50,dbcac
686,aacabccbaab,24.5751790544283,950,74,dacd
796,abcab,8.1049846245457,1148,73,bbcac
961,bbacabbaca,22.9249418187315,987,50,dacbc
142,dababcacab,28.4782848014121,1251,42,aacab
751,dabcdbaca,23.4291394706411,666,55,ddac
821,aabbabbac,22.2003024597431,751,66,aabd
522,babbacabc,5.52031396675909,1354,45,db
790,aabacd,20.0261454847509,604,40,bad
527,dbaac,23.781676685338,849,48,aaa
390,dabbabcd,40.0357202505567,1352,74,bab
143,babaac,51.3372686805429,537,57,bacb
519,abacabcac,45.6670944316291,1490,65,bacd
765,baccbaccba,25.1229567730943,1075,72,b
695,aabbaa,48.7246531464625,707,33,ba
66,dabbacad,44.3994329329256,1273,35,bdd
651,dacdbc,45.4942238590489,814,51,baac
37,babbababb,48.7790624417961,535,48,abcd
448,dabbccba,20.2900930837472,1372,44,dbc
471,dabacabac,58.9416264451565,903,53,bdb
689,bbcaacacab,21.4937726441673,883,34,abab
677,aacacabb,53.4003417793662,1419,47,dba
119,aacabbabb,14.998830952026,852,77,dac
122,bbabbc,39.4633200802244,514,69,dad
1000,abcccbad,22.7220821343964,670,65,dbab
816,ddabc,12.8946652012335,1465,53,aab
461,aabcdabb,50.4929411493383,692,79,dbcbc
960,dabcab,26.0759419611303,1238,32,aab
441,abcabc,52.1391345307721,1415,42,bb
121,dccbab,40.7247694308117,860,53,dacd
22,abacadbc,11.1151320467329,653,37,dab
557,bababba,39.5978855622725,1182,67,bdbc
750,dccbaccbaabc,46.3560456964697,1041,76,abcb
624,dccbaacacab,58.0060942335899,1489,34,daa
804,dbabccba,0.967727528104665,773,78,bad
784,dabcbcd,7.61568191271056,546,37,aaab
979,dbc,26.6347805317287,619,33,bab
534,ddacccba,17.948534431859,678,70,baba
913,bacabaacac,23.2994545761709,665,47,ab
958,bacabbab,48.5860365676052,962,31,ab
617,dbabb,4.56599336308388,534,52,bac
792,aabbdd,54.2295275317247,1482,38,db
600,baacabab,51.0674078484168,687,79,abca
742,abbcab,16.8879724649962,697,36,aabb
864,dabbbcb,56.975175665753,1449,57,bbab
601,abacaac,14.8021486768054,1434,71,dabab
17,abca,59.2166341427919,612,51,aad
577,aaabbacab,28.4157462714783,659,71,d
293,dacabdb,23.7334216875295,1384,68,bad
865,baacabaac,48.8638307362434,917,75,bd
919,aaacbacaa,49.9552699785271,605,78,baac
475,dbcbb,9.88926250113272,1361,56,adbc
515,babaacabb,34.6915438566077,1034,58,dbd
227,dacabacabb,55.5454933302286,886,33,dbc
991,bdabca,23.1447617179141,554,44,abd
404,aaacabbc,23.6492785317669,770,73,bacab
72,dabba,9.4567159369523,642,50,bdd
855,abacaaacaac,7.84792770329766,931,66,add
221,abcabbabc,33.6890424283263,846,37,bdac
364,dccbadaac,4.68264781085094,1010,43,abac
53,aabcccbabaca,39.0148375337326,584,34,dab
565,adacabacab,49.5065600398496,960,37,dacd
124,bbbacabc,37.9731176153535,806,63,bd
361,aaccbabaca,21.4018871809078,876,48,aacab
416,baacaab,17.3719185048025,1031,61,abcbc
509,abacaabcabc,34.1079720741256,779,54,aabab
45,bccbaccbaabc,4.74865768086452,1030,55,bbd
500,dabbcac,0.736767534632907,711,80,dda
273,adabcb,46.3648734837032,701,56,babac
715,babcccba,22.6179274011301,676,69,bbcab
511,abcabcd,4.98205701296136,706,61,abcb
436,baaab,57.1675778734225,688,55,bab
612,dacababcbc,57.0399723491231,606,58,aba
474,aacacabab,45.0336603583927,853,58,dac
730,babcbc,44.6835218495101,870,64,dbab
885,bbbacaab,11.2975049389649,1086,80,bba
411,aabbb,51.6633335914916,709,63,bdab
718,bbabca,2.07597427519373,628,37,ddbc
682,dccbaacabb,11.0481678546283,952,41,abac
595,abacabacaab,6.69242352690089,548,67,aaab
433,dababc,25.9108102885421,789,31,bbac
530,dababcabc,24.5009228069326,621,61,daca
699,abbaca,31.1090229374065,1195,47,ab
591,dbcbaca,15.1754693374349,1122,58,baba
174,aacabaacaac,50.3788389402306,982,58,abab
911,ddabba,57.0407669119909,578,33,aaac
574,dabcd,25.7428902681236,1285,61,dd
307,accbabcd,48.2464838591336,799,74,aacab
934,aaaacab,54.7382098222529,725,75,babbc
233,bababc,54.0387298126221,613,45,bbbc
287,dabcabbab,5.62820782579427,1221,55,b
840,bacabbacabaca,6.49171419575497,1409,56,dda
547,bbaacacab,6.26182040583079,721,63,babb
435,dabaaca,41.7135864665171,1406,54,aabc
676,aaacbaca,13.5913912461481,1437,64,dbc
673,dababaca,39.7560315102273,979,67,ad
482,bccbaaac,18.6702796190327,754,74,ab
497,bacaacb,18.8193013976205,539,75,bad
646,dbcab,39.6625379997971,1104,76,add
294,dacabbcd,17.4085823691585,1344,37,abd
569,abcbd,1.36045766247039,1486,45,abca
928,abacad,47.5483675521797,1271,76,daca
325,abacabacaac,22.5781480390482,1299,80,b
308,dbcccbaac,17.0706194347667,547,70,aac
305,accbaabcabc,10.3638721772552,594,68,adac
967,baacababb,8.60582964997831,600,45,babac
858,bbccbaabb,55.1287396863163,1316,68,abac
82,baacdbc,28.918299593887,866,48,dacab
140,babacab,38.6847108952497,1166,48,dba
28,bacabaac,15.8313093471871,1020,32,dacbc
104,bbbccba,5.73869848759724,1249,78,dba
671,bccbaacabb,54.6286810905808,1373,45,dab
496,adaacab,36.8254303085922,1126,36,aad
542,accbaccbaaac,50.1773795127351,662,63,abcab
627,dacabaac,48.4309442082279,934,52,aaab
362,bbcabcabb,55.9167952343946,560,60,dbac
47,babbaca,32.9934207333277,1375,78,dbcbc
354,baacaba,43.5279105982156,1156,68,da
909,adaacabb,32.8872549213814,617,51,aac
698,dccbaacab,24.1892807329747,895,37,bda
888,babaca,32.1804052782131,641,58,babc
132,bbbacaab,44.7120002189226,1301,31,dacb
422,bddab,29.9113480765436,875,37,bbcb
410,bdaacabc,16.7528692104244,557,33,baca
152,baacab,5.96047167195797,1447,34,dad
647,bbacabaca,25.3567751802182,536,62,dbd
746,babccbaac,16.6944865941931,1270,63,babac
585,adbacab,2.480684770886,644,71,abc
748,dbabbccba,17.7246325825231,1084,68,aac
835,babaabb,48.8733998866528,1214,43,abab
947,abacab,31.5336536060343,632,32,bba
123,aabbabbd,8.15407614818379,882,78,aaab
170,dabb,35.0002736058983,1440,36,babc
144,adaacd,38.1033815175522,1498,72,dac
352,dacababbc,8.83109441069095,990,46,baba
787,dbcabbd,47.0163394931094,742,65,bab
424,aacbacab,6.61589987491016,1446,40,bacac
408,aabbdbaca,10.3785790547175,573,80,adb
962,dba,6.69649100862182,1180,70,aab
965,dbaabc,9.42301467200309,1222,60,dd
291,dacabacabb,12.0713333929106,1190,40,dacac
483,bccbaacac,2.66053224112607,797,70,bbcb
85,baabcbaca,54.449655124446,1436,39,aacb
26,aacababbabb,22.2289438503964,1058,59,ba
188,ababca,43.8829623956329,1308,69,bbc
160,dacabbacaabc,29.6983018747137,1179,78,dba
220,dbbacaa,50.0507108463234,1306,77,adbc
540,bbacaabc,14.3589186638989,1208,31,babc
996,accbabbc,43.2594151494548,872,70,aab
46,ddabbab,8.80722723040898,657,66,dabab
83,aabdbc,50.7978059453258,699,68,dbcbc
378,aaccbabaca,8.9276322840314,1229,72,dbc
222,abbac,42.0885894505223,696,74,abcab
828,bbcabbb,38.421587012573,1332,43,baab
703,dbcacd,10.9550635914242,1140,34,bacb
454,bdbc,8.08292148700373,970,37,aabb
456,aabcacabaac,9.85849293361995,1330,36,dbcab
369,bacbcac,58.7570261616532,749,78,ad
365,babacabccba,43.3621695238019,1452,79,ddb
679,bacabbcabb,4.9524076999991,500,79,daab
485,aaacac,37.9591042623544,1159,69,dbb
546,dccbaacab,41.4668075716855,964,42,bab
49,bacabd,41.8851601577857,800,61,bacab
239,dbacaaacacab,12.3469926953416,1337,60,bac
224,aabacabac,46.9119873555211,735,37,bab
590,baccbab,44.6209955092012,1383,52,baa
298,dabbac,51.6987709332163,757,42,bdd
384,dacabaabc,43.6071845714979,1153,57,daac
694,dabcbcbaca,58.0462421536534,1259,54,aaac
127,dabacd,28.4443348869753,1099,50,dbac
16,dbacabd,28.4354476197859,686,72,dabab
975,aababb,15.3019767962164,1202,43,aacd
562,babab,49.034372229983,540,52,bbc
633,baacdabc,21.8223242478831,1087,77,daba
50,abcbcb,40.3700593335165,1471,60,dbc
129,dacabd,24.9845599012799,1212,69,bac
572,baacccba,11.2897368420191,1045,34,dbc
731,aacaacac,45.6726230215199,1199,35,bbac
418,dabcccbaaac,15.0699665248746,538,64,babc
29,dacabaacacab,22.1972275227206,935,57,abab
852,bbcccbaacab,19.8245465675262,520,62,ddab
866,baacabbc,26.0999412691586,838,44,aab
184,aabbbacaacab,43.9044250340333,1431,58,dabb
350,bccbabcabb,59.0195923366884,559,70,bbc
423,babcbacab,52.0430283297714,887,67,ddac
262,bacababc,53.8523240909746,714,35,bba
592,baacacabab,11.9931311381421,1198,71,abb
281,bbab,28.0537902587656,980,71,bd
896,babbaacacab,38.3234734527101,1248,58,abcb
980,aababb,2.48066677777629,985,61,bac
732,dabbabcd,37.6625875749672,1083,33,aac
702,bbccbaaac,7.89380355547463,550,63,baca
587,bacabccbaac,45.2622482755751,1245,48,abcac
229,aabacab,55.2991488175711,1244,47,aacab
941,dbacb,36.3702756333177,1241,65,bd
226,babbacaabb,2.99953877764979,1060,37,adab
277,bccbaacabbaca,37.8168537181343,1253,65,ada
312,bbacababc,51.580011446413,951,35,abb
552,babbaac,27.3069622146163,503,64,daba
187,ddccbaaac,39.1256893582361,824,37,bac
729,bacabcab,0.174174995258786,1217,70,da
740,dabbacababc,22.5628549795346,1168,52,aac
116,dacabccbad,18.0866391920799,631,67,bbcac
343,bacabacabaac,15.0391650606745,901,59,adac
526,daacbacab,16.3209621908214,834,46,dabc
669,bababcbaca,14.7348879468337,889,50,dacd
173,accbaccbad,54.7621128599515,890,46,ddac
631,aacabdabb,3.29223224774329,1311,66,ab
706,accbaacabb,3.89041617102911,1130,41,bbab
484,baaab,42.3898464976566,862,48,ddb
446,babdbc,29.9886927571303,966,47,ad
208,baacabaac,37.301727307174,1380,52,dbcb
757,bbbcccba,25.2228653063018,1293,58,aab
458,baccba,43.118279021291,1366,57,aaa
930,dbacabacab,57.9171143898289,704,64,daba
771,dabbacabc,19.1200231437029,616,67,abd
228,ddbacaacab,57.9339143853217,850,45,daa
296,aacabbacaacab,24.0399613147798,1197,56,aabbc
834,aabbabc,4.99933609204992,984,68,bb
832,ddabb,36.2665581214028,1433,59,dabab
272,baba,6.22985358655749,839,42,babb
38,dbcacababb,58.2776237878974,1184,79,aabd
501,abcccbaabc,47.315102627326,1291,69,bba
241,aabc,55.9458989728217,1019,45,bba
194,dacabcccba,25.6751018773975,868,36,bbcb
984,bacccba,15.2645403259876,851,54,baba
603,babcacabbaca,58.6137538626807,664,73,adab
632,aabbabb,18.6350371235975,1234,73,daba
791,dadabb,43.8776118089674,1277,33,dacb
450,babba,18.9451457448076,999,42,dacb
613,aabcacab,45.7265914395454,832,51,dbac
337,aaacccbaac,10.1658418782967,1119,36,bd
371,bacabac,35.9413331875982,922,72,dacd
937,aacabbacaab,11.2520151534408,1207,49,bda
656,aabcdacab,0.423065082229725,1219,36,bbcd
493,abacaacbaca,30.6073672930183,650,31,dabb
762,abacab,9.42312158888843,956,75,dacb
819,aacabbacaac,22.6403898916341,509,46,bbcd
566,dabcdaac,41.2399806919118,545,51,dab
581,abbcacab,4.59458313133086,989,52,aabc
370,dabbab,55.4675162836883,684,79,baab
505,dabcdacab,6.35665219527863,1036,44,dacac
642,aabbacacab,23.5302791287569,1371,69,dbcbc
823,dacabaac,43.7278230136813,1152,68,bdbc
894,daacabbd,22.6077845378847,1400,70,bb
537,dababca,37.0590950836093,1097,49,dbc
847,dccbabca,48.2731832863625,898,73,dabb
463,bbdabb,50.0228369790645,911,55,aabac
444,bacab,1.17830440079005,750,56,abcd
929,dacbca,33.1713261933997,925,68,dabd
897,dababd,23.4897751708846,582,35,adac
12,aaaacaac,39.867033507157,1428,65,dbb
845,aabaac,38.7852126595108,932,54,abc
728,baacbabc,38.0986204754562,937,48,baab
800,babcbacabc,49.7014394992593,817,47,aabd
602,aabcaacbc,9.89223926215713,958,64,bbcbc
737,dacdbaca,1.50584557691524,1477,61,abbc
315,aaacbbc,16.1079739126208,712,52,dd
551,bccbaabcccba,59.0004257789648,766,70,baa
952,abbabc,0.665413380572002,1155,73,dab
10,bccbaaacab,32.3276856825951,1094,54,aab
709,bbcabbaac,36.6586117348435,1334,67,aabac
349,aacacab,52.1869970661406,695,68,bac
906,daacccbabc,6.68436372695317,986,61,abbc
705,daacbacaaac,29.4556375948198,1320,69,bbbc
976,daca,59.9923471436457,1278,52,db
820,aacabbabc,50.0285654660441,1169,47,dacb
977,daa,59.6684701294521,1162,54,ab
921,dada,30.0036407080468,818,36,abbc
690,abacaacabccba,31.8357758686253,1394,61,abc
675,aacabccbabaca,15.7350015940495,1185,33,adab
405,aabdac,42.5244695899301,655,70,aaac
867,dacababbc,2.10641866370999,1322,44,dbab
106,bccbabaac,37.7297931333612,819,70,ddb
535,aaacbacaacab,12.0118619716131,660,52,babab
89,bacabbab,58.6397306278682,788,42,da
995,adabb,24.5659193386389,1473,57,aac
138,dabbbacab,1.70904864650465,778,48,aacb
212,aabbaacabb,54.6969296343916,972,53,aabd
263,dacd,7.25694432308276,1414,57,dbcac
171,bbabc,43.2048544017165,522,42,dacb
399,bbbc,52.8884947750836,1402,39,bdb
744,baacabcd,15.227349293979,1379,45,dacac
91,babbacababc,27.9526124124891,748,79,baba
580,dbacabcccba,36.3554156632901,803,46,dba
114,abcaaca,8.81390174585862,1327,62,bbca
215,bacabbcacab,41.8454736623793,1063,70,dbac
837,baaac,47.1510686151711,1194,71,bdbc
9,abcacabccba,3.31757326468706,685,70,aba
508,bbacadabb,37.3845126642866,1441,51,ada
276,baacaacabc,19.0469249427505,908,50,bbcab
20,aadd,58.0356550210715,1417,36,dbc
524,bbcabac,23.786343114108,1160,46,add
697,bdad,33.8465994312295,569,62,baba
504,babcaabc,40.1594634231055,1247,32,aaa
288,dccbab,36.1816633154689,1059,40,dad
870,babbbbaca,10.9660679232527,1216,48,bbbc
366,aaabcd,16.0796898733366,863,52,ad
634,bbacaacabc,49.7261824147458,507,74,babd
507,bacababcbaca,37.0628333451118,1172,46,d
905,daabaac,12.6140885202809,579,41,bd
128,aacababb,16.1858162212851,1233,55,aac
460,dabbbcbaca,21.6349817533672,516,70,abac
806,aabaccba,58.3458855543281,738,77,bbbc
394,abacaaaca,19.7496258382949,1284,50,bad
486,babbaca,28.9553056730296,1346,38,abcac
149,dccbaaccba,55.5764775222289,694,44,abbc
111,aacabbccba,57.7929185072246,1116,80,baac
309,baccbaaac,4.57561202962002,1013,57,dd
380,abacaacabac,47.9734384386961,798,31,dbcb
101,babacacab,14.3442039971486,1463,38,bacbc
704,daababb,52.5061508786126,589,52,aaa
593,aaacabbabb,3.83326171406335,1496,68,aabc
260,adacabd,34.3796307565685,1381,40,aabac
389,aaacbb,15.3384024898382,1488,59,bad
319,aaaba,34.3665605863342,1123,32,add
246,baacabbc,15.3866312404069,1326,54,aacd
494,bbabc,48.0911594606365,718,54,ba
874,dbacabc,13.3289364109613,591,48,bb
264,dbcdab,17.0252516050838,811,70,babd
368,adad,34.3135208241805,786,76,daa
843,daacacaac,4.96668369413878,991,63,ddb
657,bbacaabcaac,35.0724987891286,679,56,ab
763,bdbacaabb,50.5496482878101,975,59,ad
278,babbb,46.0658223386052,1077,71,dab
218,abaab,7.02723517684721,1231,71,bb
379,adbacabaca,24.1966727440435,1328,55,daab
841,aaacaac,55.0994715273298,549,41,dbab
466,bbacab,17.2606386597923,543,71,bacb
179,babb,36.8744408741483,1454,70,bbc
367,bacccba,20.9410559196472,1258,65,dad
181,bacabbaca,7.39605726005964,1146,46,babc
713,dabcccbaabb,19.0206724156371,1054,76,bacbc
863,baacbac,12.0919648374805,1024,73,aaac
417,dddabc,16.0808647017266,564,39,add
653,dacbacaa,23.5288931169434,1039,32,dacab
363,dabbaacbc,53.1577593612795,1450,32,dbab
56,aabbabbbaca,31.3701343902083,1364,53,babd
449,dccbabacabc,31.3698335480452,1105,63,dbcbc
743,baacacababb,29.3130867250801,765,54,aac
178,bababc,23.365267434345,1139,69,adab
883,dbabb,43.2551967974643,574,52,dabd
201,dacabacab,28.3928205877036,1101,38,dda
97,abcbacaaac,2.42944711052433,505,59,ba
321,dbcacabbc,11.8496305610189,1078,62,dbcab
635,abababb,43.743341230324,1313,53,ddbc
332,baacabcb,49.8255251456342,1232,46,bacd
660,aabcabb,29.4046140186333,1157,54,bbac
678,abacadb,56.769960256409,1192,37,bab
925,ddbc,30.1711061215337,848,79,bdd
604,adbc,23.0017062199382,1315,58,aa
69,bacbbaca,20.9287167818372,777,53,dbc
133,babcabcaac,45.3632394371042,577,73,d
112,dbacaabac,45.2243972716054,1325,61,baca
151,daacac,48.74174282618,1261,54,aabc
426,ababa,37.6347386285369,1069,52,baca
243,abacabac,55.2955615598376,916,53,bdd
317,baac,21.1354450701844,638,63,dbcb
377,aaacabb,10.7224900624572,812,48,d
200,aaacccbabaca,55.5146816142822,921,45,ad
898,abacaabab,53.2463964272886,988,76,bacbc
708,bbacaabcbc,24.4988849754864,561,52,babac
397,aaacacabccba,51.2474768847705,501,51,aabbc
623,aabbacaaac,2.14050977213092,1191,69,ada
636,baacaaca,22.2542069797022,1135,78,abcbc
723,aaacaac,15.9649168095641,611,33,aacab
196,abba,39.4921292016298,1420,75,bdab
920,baacbcabb,40.137798102878,809,44,aaab
269,dabcdacab,19.780666568518,590,77,abbc
966,accbabcabc,0.41010551063023,523,64,ddbc
342,aaacaac,44.2389444294428,746,76,bacab
4,dacbacaaac,3.85276028615172,1389,32,d
912,bbcacacab,28.6833184381348,528,63,dbab
68,aabcabcac,8.32362066139204,976,50,bacbc
100,accbadbaca,24.3248366409843,1177,33,ddbc
419,accbaccbaa,53.494782294113,910,80,dbc
310,baaacacab,55.7481362535212,531,52,add
720,bbacaabcacab,32.1351510226069,913,57,dbac
545,dabcdd,2.77713336331559,1268,36,dab
506,accbaccbad,51.5523281583205,1224,54,adbc
724,baacbacabc,15.4699853786988,556,47,aa
935,dbacaab,36.0065016319741,794,75,aad
48,bdba,32.7608932345043,873,42,bacab
721,aacabaacabc,3.34302673481469,1282,49,ba
877,bbacaacababc,14.6777933641706,1288,68,dac
860,bacabab,10.465663488599,731,67,bac
955,baacb,14.8584396572879,858,49,dabc
696,accbab,0.286437685437299,504,49,bd
985,baaa,12.2211986352516,622,55,ad
136,bbacaabcabc,27.7479897645154,1474,41,dda
118,dccbaabbabc,37.684816613039,1464,43,add
521,abd,55.1295378757624,682,53,dbab
225,dabbbac,21.1267347444408,769,79,aacab
753,bbacadabb,34.7937673950369,609,76,db
25,ddabc,38.8344214975112,634,71,aab
6,aabbaacac,48.9673125594224,1275,46,baa
78,aacccbaac,2.13510943089797,1213,50,bd
972,daacabcab,47.9020838843897,1390,32,aac
105,ababbc,0.922409825288914,1008,51,daba
7,babbbc,15.1379329092016,1174,57,babb
24,bacababaca,1.04076764600148,1035,36,bbcb
248,bbcaacab,13.885776646168,517,78,aaab
84,baacaac,47.8093782066311,971,44,aabc
465,aabbababb,14.1102690098756,1049,71,dacab
588,dabcbaca,0.715128506171126,646,54,d
60,dbbc,28.1908508551541,847,73,dbd
203,aabcbacaa,31.9599250024269,1047,80,abbc
481,bbacaaa,25.0864594123101,1227,39,bdbc
11,aabcaab,45.1306290716808,1183,37,dabc
783,dbab,38.1679337895573,878,71,bdab
43,adccbab,24.0007346166225,929,72,bdb
873,dacabb,17.0030988947665,1138,80,baa
596,daacabcb,16.9747403607598,1385,36,dbcb
611,bababc,18.3059278207961,1064,37,aab
610,dabbabb,12.7303216761283,874,37,abcbc
102,abbabb,25.8577468907488,1356,52,baab
608,babcbab,39.5686804919165,807,36,ddab
55,dacbacaabb,28.6977895123463,740,33,babab
900,adaacabb,8.82459467133819,1209,66,daab
836,dccbaaacab,33.9239134215577,1483,55,ddbc
549,babab,46.0298567880766,775,61,abcd
348,daacdabb,59.6998598652827,1423,68,dba
191,bbbcbaca,18.3110723227882,1118,74,bbd
258,dabbaa,7.70932772746095,1292,40,bac
39,ddccbaccba,8.14650375470686,1100,70,abbc
649,babacab,18.3384146530268,623,36,bbac
971,daacacababc,46.9227291969695,1028,65,dabb
125,dabbbca,31.9286390517695,1376,59,dabbc
386,dccbaaaac,41.7798114328826,793,79,bacd
802,bbcdd,47.6908663297427,651,31,bbcab
302,babac,6.50860556519132,768,31,dbb
684,aacbacaac,45.3356833252457,857,35,abca
495,aaacabac,19.2479959606942,677,76,da
567,bacabaabc,55.3571633165993,563,64,ddac
299,dccbaccba,42.5788553142375,1476,37,ada
543,abcabbabc,25.9556292396945,729,37,dacd
398,abacabc,2.39039674548052,1304,42,db
766,daacacababb,31.7658568556003,941,64,dd
988,abacababc,41.4661245709928,1149,49,abcbc
330,baacbc,37.5264089362976,1497,37,bab
468,daacacab,40.5044774677787,955,59,bacd
244,bababcab,9.60146677900726,919,71,abcd
794,babbacaac,37.8077975203125,869,35,bb
161,accbabcccba,46.2633543252577,944,53,abcb
182,bbacaccbab,7.11839345375772,1260,47,ddac
148,accbabd,55.3008760189765,918,71,dda
341,babcabbacab,23.0907393245321,948,64,a
664,dabcabacab,2.42553424883012,1460,62,abab
235,aabbbaca,11.8119228901398,1091,61,bbcd
153,aabcbcbaca,8.40612274058199,1264,79,dbb
994,bacbcac,18.6628630157232,906,42,dabab
447,daaabc,3.49344921385358,957,53,bba
141,baacacabacab,46.3245930442926,1112,33,dabab
554,abcbd,25.8660818353918,1377,71,bbb
637,babcb,58.219717322949,1201,78,bdbc
393,accbaaba,0.336189989198426,1468,70,aacbc
759,aabaab,38.2493845594817,551,45,babd
76,dccbaab,35.0657843149162,787,31,a
300,babbabab,25.3761083231454,636,68,aaab
575,baacabd,11.0051645979075,1051,74,aaa
15,bbcbccba,39.1749223268467,1164,80,adab
655,babcacaba,16.0238727074935,909,32,baa
978,dbcb,54.6611715359679,1456,64,dac
614,bdacab,21.6090641678709,1351,60,dbab
815,bbcacabb,19.7853518903608,796,57,dbca
839,aabbcacab,41.6367211496089,828,37,aba
514,babbcac,22.6622307001521,529,40,baab
652,aababcbc,32.8572940685851,1235,38,ddd
252,dbacaab,38.8718287691086,1243,45,aa
957,bbacab,48.2013595742381,593,76,bacab
807,dababba,0.833035431279287,524,78,abac
237,aab,20.8089580351748,572,51,bb
944,dbcb,46.0917539169869,1393,37,aacac
768,abab,32.4433593185582,1333,64,dbcb
889,aababbaac,11.138519382866,727,32,babbc
589,baacabab,45.8142214056406,1223,44,bab
197,abdbaca,29.1451207565238,1133,69,aabab
94,bbaacbc,25.1549356987427,1026,65,aa
329,babbacbaca,13.7037434137014,1115,63,bacac
922,badaac,10.1588389949603,943,47,dac
306,dabd,12.6520819369674,620,40,dab
630,dacabacabc,16.8899425298067,861,64,dbca
933,abacaabbb,38.5484806171235,1136,39,ad
924,daacbcab,48.2391878366106,1102,51,bac
882,dabbcaac,45.8024824940388,1378,33,bbcab
57,accbabccba,17.0077995984448,1044,49,babc
65,bacabd,12.408556368382,1072,75,dbca
887,abacaaacac,19.8915940599796,1085,34,bbac
198,bacabbaac,57.0671670502956,640,32,baa
92,abaac,57.7625470319555,571,31,bbcac
917,bbcaacacab,9.71753375438182,997,52,aba
893,dbacadbc,0.751819015074147,1032,78,bbcac
739,bbbabb,18.3456974957423,946,57,dbcd
75,dabbaca,22.8331344228331,821,65,dbac
473,abcd,51.6176560347465,1479,36,ddac
232,abdabc,44.3479444242623,808,75,aacab
176,aacabaac,27.8537009438437,805,70,abcbc
63,aabbacbc,11.8784657288804,884,72,bac
115,babcbacaac,23.7981489218019,1329,49,daab
735,babcbac,19.1964156987847,732,64,baac
710,aaacababb,54.5039179924916,1023,38,a
284,bbaac,49.7913490687755,1295,33,bd
406,abcacaba,49.0880831985818,973,53,ba
374,abcccbad,27.0830777911824,1342,34,da
95,aababbc,22.4562211845029,1226,79,babac
923,aabbccbabaca,58.1862908108355,816,38,dabd
734,da,31.7298280339492,840,46,aabac
628,dabbabac,17.4177187525079,1272,73,aaba
950,bccbabbaca,33.3932856228529,643,55,babab
813,babbacb,43.1447296230029,575,60,bbac
62,aabcacbc,20.6551206048141,723,34,bbb
169,dabcabbab,56.1945776128338,1297,56,daab
205,abacaabd,17.6179936738142,1422,76,adbc
8,aaacabcccba,13.244859771389,759,67,bbcac
90,dabbabbd,6.22163203028366,1250,80,bd
838,aacabbd,9.03946543618319,1427,38,abbc
35,bbcbacabc,33.0972317569584,1442,62,abcb
295,bbcabcaac,51.0659745293064,521,56,bacb
553,abacaacabaac,36.8955812408045,1426,66,daab
755,aacabacb,10.6400799693997,1225,37,dbcbc
345,bccbaabba,16.2231648875646,1163,65,bacbc
719,babbabb,25.4199466001652,513,51,bbbc
648,aabc,10.9611328685613,1176,80,bdac
464,bacabcd,3.55097970752845,595,59,bdab
810,babaaca,12.6956816928901,637,52,adac
536,bacabbacaabc,1.02991374877103,668,31,aab
432,aaabd,40.6643822453018,1145,47,dbb
110,dacabdd,24.2484409176172,830,52,babbc
326,bababbaca,23.8379082110106,1043,72,abbc
175,dabcbc,22.8741206684795,802,43,b
498,bdabcbaca,33.5463018162047,1263,40,aabbc
741,aababbbaca,4.698098996364,1481,42,bacb
340,bbcabcbaca,22.5848868790233,1391,49,bba
476,bbaacabc,36.1708297839548,627,44,ddd
266,bbacaacaac,0.690483421028971,1193,73,abcb
217,baccba,14.5077362818081,756,78,abcb
788,ddaac,55.4888110296515,1205,76,aabac
803,aaabbd,8.23376923835689,753,50,ab
645,bbaccba,50.3103388293601,1424,70,dbab
576,aacababaac,34.5439111348252,820,80,abbc
74,bbacaabccba,53.4519038559405,1095,37,dbcab
51,abacaa,59.1708853625583,1175,74,dbca
761,babcaac,22.9810603605194,1218,37,a
764,dbacadbc,11.5683368000781,992,39,da
959,bbcbc,49.6715705195293,1239,54,aacd
5,daacabcbc,55.3123521184711,1418,80,dbd
908,daabbacab,32.9432955693118,1011,35,a
375,bccbabc,52.9325896193066,907,60,bb
253,aabcab,2.04066684904348,1386,33,bdbc
969,aabacabaac,10.1785230740512,1387,37,bd
409,dccbaacabbc,22.6470524732682,715,57,aacac
584,dabcac,59.2760250621275,633,77,dabb
166,aababcbc,43.4014461486832,1321,37,babac
914,dabaacabb,29.3259308488612,1262,59,dac
827,bacababa,57.9356785739202,1046,70,abca
180,aacabaacaac,22.2076213053017,1429,76,aa
334,babbabbc,4.66284445658362,1303,45,babb
936,abcbc,5.39563512524389,953,80,babc
282,abacabcab,6.64716831235881,896,54,bbc
443,bbacab,15.5852863675404,1055,65,ad
993,bbacabbc,23.6698799851852,1492,77,aaac
665,abababb,46.4134963100908,761,39,aacbc
639,aaacaacacab,25.2135691843329,795,56,bb
666,aacbacaccba,19.8347255944426,693,64,bd
86,dabca,44.8380903813108,892,80,bb
280,dccbaabbabb,6.20396444640757,924,62,abca
172,aabcaacd,44.463493756596,1374,71,abcbc
606,aacabbacab,50.5317891756983,1025,31,abcd
926,dabcccba,29.8133330298104,645,37,dacab
400,aabbaca,27.1067253605386,926,72,aacac
692,ababbabb,5.33367985069949,649,77,bd
147,daaacab,6.33849738466286,977,63,bb
256,dacabcbc,33.9431416820274,601,68,dacbc
