b,66,13200,809,aa
acb,67,3260,1530,dba
abc,73,35200,1306,dc
ab,71,23620,203,aa
c,90,33320,1186,a
c,72,10500,474,aaa
ba,61,4360,210,d
cab,76,4580,1172,b
cb,83,29120,932,b
cab,84,8900,1667,dcc
abb,64,23420,638,dcc
ab,73,2660,1145,db
bb,90,39500,1740,da
cba,78,22940,1145,d
b,71,7440,672,d
ab,84,39180,301,d
ab,64,36720,1593,dcc
ac,68,12280,1479,d
cb,62,22500,860,d
cba,61,20480,110,d
ba,77,4000,659,db
abb,73,11920,694,a
b,62,1460,677,dba
a,70,640,1660,da
cab,71,23080,59,aac
b,66,28120,1479,aaa
b,84,30640,93,db
a,65,22980,136,dc
cba,61,27880,1254,db
b,67,7660,1297,aac
cb,74,1640,1351,dab
c,72,31380,958,da
acb,89,31080,1590,a
b,67,27940,967,d
b,69,31460,242,a
b,76,24380,522,d
abc,61,18540,897,b
b,78,25460,1246,a
cad,66,2560,1684,aa
abb,90,32120,1025,a
ad,88,23040,739,dc
bc,75,7600,1596,dba
b,68,10960,1372,dab
b,65,18420,274,aaa
cab,72,31160,1238,a
b,81,11100,771,d
cb,81,40060,227,a
b,88,1240,1089,da
cab,85,4880,668,dc
ad,74,38320,1248,dab
b,67,7160,1580,da
bc,88,16280,1725,da
acb,82,12360,455,db
cab,80,14380,390,b
bc,73,23480,1338,dab
a,62,19360,1785,aa
acb,88,37720,909,a
c,65,10400,1182,aa
abb,63,21680,609,aac
ab,82,27060,540,d
cb,65,22920,1708,dc
cab,62,2120,1406,aa
cad,85,26140,1106,aac
cb,81,20020,736,aaa
ba,61,39580,1034,dba
b,73,14600,1744,db
ba,81,38680,1097,da
b,84,780,449,dc
a,67,21200,475,aaa
c,80,36420,131,aac
aac,87,31140,116,aa
abc,65,1020,1337,aac
abb,90,18400,1724,ba
cab,71,22480,357,aa
bc,83,3520,967,d
b,80,30920,597,aa
bc,75,31280,1473,bab
ba,73,27320,328,a
c,89,39100,1563,da
ac,71,8760,1095,a
bc,76,37520,1269,aac
cad,69,19180,752,dba
b,80,26480,568,a
bb,83,27540,1764,dab
cad,72,37440,1768,aa
b,81,27600,1321,d
b,74,2640,547,d
ad,86,13420,264,da
acb,69,10260,1352,aa
b,82,3240,1485,d
bb,68,40300,1723,da
b,90,23300,1231,d
acb,67,27920,1477,ba
cab,80,28160,1276,d
a,69,16180,1659,bab
cab,85,9300,1209,dc
ba,72,24280,687,a
abc,78,18480,238,d
acb,78,1880,798,dc
a,63,17120,1018,a
d,76,9580,744,a
abc,78,16420,747,d
ad,84,15500,290,d
b,61,25600,1774,aaa
ab,63,7940,192,aac
bc,82,36680,1472,d
cba,85,6760,1671,da
b,85,30480,1439,dab
ab,80,28940,894,aa
ad,89,29400,1424,d
c,83,4780,1080,aac
ad,64,36000,1099,aa
abb,82,12760,126,aa
ac,61,37500,237,ba
ab,70,5880,223,db
b,80,33480,612,aa
cad,78,960,507,a
abc,69,31660,1754,aac
cad,84,12260,761,dab
b,70,14320,1480,aac
c,77,23320,627,dab
cb,77,10060,577,da
acb,82,13640,222,da
ab,73,31440,1413,d
ad,82,3640,365,ba
cba,63,22000,54,a
ab,62,2820,820,aac
d,62,25700,1669,d
b,73,23400,933,aa
bc,79,1740,633,aac
ab,85,9760,334,aaa
bc,75,39120,1005,bab
b,88,8840,142,d
ac,82,23260,1611,aa
acb,74,38880,116,a
d,63,20000,393,b
bb,82,25540,424,aa
acb,66,30680,131,d
abb,80,35700,1613,bab
b,66,4240,1772,dc
b,86,8380,1586,dcc
c,88,25680,1042,d
ad,68,11120,427,da
b,70,12380,260,d
c,84,35480,1785,aa
b,63,27040,571,b
c,77,18120,1463,aac
ba,74,34120,1653,da
b,62,2800,116,aaa
acb,82,36560,1038,dab
ac,66,12060,1140,aaa
a,81,3080,1771,aac
a,69,32720,1192,aa
bb,85,28320,1208,bab
c,81,28420,429,d
bb,90,32860,1686,aa
cad,76,10380,928,aaa
abb,71,20940,542,aaa
ba,86,18900,1306,aa
d,88,31900,1414,d
a,78,37360,763,a
b,74,21620,1197,d
ad,82,10900,1294,da
c,77,10600,1511,aa
acb,66,16780,631,bab
ba,88,36080,1203,dab
ad,68,33180,1182,dc
ba,90,23640,751,d
c,66,23700,1212,a
abb,88,23020,863,d
b,88,34080,1241,db
ac,65,19860,211,aa
ad,85,880,671,b
ab,66,28240,1464,a
b,63,9820,959,aa
cb,78,15720,844,d
ba,82,39320,280,aa
a,72,24200,94,da
b,62,21320,1232,d
b,85,6020,711,db
b,70,14620,921,aa
acb,64,14080,1594,ba
ac,63,5460,1767,d
acb,88,34260,707,d
cb,89,8820,1080,dab
cab,66,32500,449,aa
abb,81,10160,450,d
abc,67,34320,596,d
d,87,30660,828,a
b,90,18620,209,d
bb,80,20420,1715,dba
d,83,4620,475,db
ad,79,25980,1701,aac
cab,81,4960,1350,dcc
cab,66,14800,472,da
b,66,30540,1674,a
cba,71,35940,1532,aac
cb,66,8300,1499,db
b,86,1500,1654,a
cad,85,22880,1168,db
b,72,35420,681,a
cad,70,4520,94,aac
c,75,1040,1651,aac
bb,63,13060,292,da
d,70,15260,819,a
b,81,8200,913,d
cab,71,39820,1447,a
b,85,27460,702,aac
cba,76,23340,1174,b
bb,65,19660,1218,d
ba,62,19300,1338,b
b,88,8260,338,ba
aac,71,31540,1227,aaa
cab,66,18260,840,a
b,69,18200,1469,b
cba,70,27420,406,aac
b,61,31860,73,d
b,68,8180,570,dc
abc,76,4900,951,a
bc,61,14520,215,aac
b,83,19900,487,aac
c,83,1260,1644,dab
bb,75,35720,1467,dab
ba,63,6540,376,aa
bb,70,21660,137,da
bc,85,29100,670,da
ac,84,4920,979,d
abb,66,27960,797,a
ab,81,4800,501,dab
b,79,2580,250,db
d,82,25560,1572,dab
cab,61,35580,1038,ba
cab,71,7280,337,dab
abb,62,9080,962,aac
ad,73,13680,928,aa
b,79,21720,1003,dba
cb,73,37200,1379,aa
ad,79,24900,1142,b
abc,74,1960,682,aac
aac,72,21540,58,d
acb,70,29680,1578,ba
cb,80,37260,954,dc
b,77,15820,768,d
bb,87,12960,280,dab
ac,66,18920,412,bab
a,64,22620,446,aac
ab,84,40280,1683,d
cab,80,33280,738,dc
b,70,39260,868,dba
b,63,28540,145,a
ab,84,19000,638,dcc
ac,65,5960,1281,dc
b,62,37940,433,da
cad,72,40160,329,d
bb,68,23360,626,a
ab,71,29520,1380,a
abb,61,38820,194,aac
cab,68,1580,477,aa
c,67,22820,1730,dab
abc,62,10300,424,b
cb,78,32520,387,dcc
bc,73,10620,897,aa
cb,71,28740,966,aaa
aac,76,8440,580,ba
cba,81,900,532,aac
cba,62,19460,269,da
aac,73,3160,1029,dab
b,80,2860,1499,dcc
abb,71,32740,145,da
acb,76,22960,79,db
b,77,29360,1754,b
abb,65,11960,1062,ba
ac,80,5100,1025,d
ab,81,7080,1675,dab
cad,61,18880,1589,aaa
cb,73,5620,1374,a
b,62,29320,1293,bab
b,83,19040,1158,a
cab,85,7860,707,dc
b,64,28380,1034,dab
c,78,7900,681,d
b,90,17800,1186,aaa
acb,65,38580,1410,dcc
ac,64,1180,869,a
acb,77,29760,1266,d
acb,74,39660,1030,aaa
abc,78,33040,751,aac
c,72,23560,187,aa
abc,61,33500,1434,b
c,83,24240,789,b
b,66,5560,104,aac
a,64,10560,1750,dab
acb,78,6620,659,ba
ad,70,37800,131,da
ac,65,3940,1298,aa
b,75,38180,1526,dab
bb,83,15240,124,ba
cba,88,32920,1640,dab
cb,67,25280,1259,aa
b,80,11280,733,aac
b,65,12780,936,dab
b,70,30520,685,bab
b,74,32560,879,aaa
b,71,13700,1242,aac
d,78,29900,914,aac
abc,84,11460,1263,aac
c,75,15900,1110,aaa
bb,83,5900,629,bab
cab,81,14580,1060,dab
ad,64,15200,1342,a
a,87,13140,518,aa
cab,76,21580,345,d
cb,87,10520,352,aac
a,79,18580,1071,d
abc,70,11480,1073,aac
acb,75,6160,1636,b
cad,88,33400,829,da
bb,82,22180,194,aac
b,62,20460,112,aa
b,69,40520,641,da
ba,81,30380,1700,ba
ab,74,30220,570,a
acb,66,35320,988,d
b,83,39000,1738,aac
cba,89,40580,1442,dc
ba,84,8000,726,d
ad,85,33520,870,aac
b,78,33640,1164,aa
b,83,38060,1393,d
a,82,27700,692,dc
cab,69,4420,125,a
abc,76,2300,1642,aa
cba,79,17240,801,a
ab,70,31520,762,db
bb,74,13860,1701,aa
aac,88,28900,1248,dab
cab,80,4140,791,a
acb,74,37880,198,dc
cab,79,35180,714,dcc
cab,69,15000,1583,aaa
ac,88,5920,619,aa
c,78,21700,299,dab
ab,65,30320,77,a
bb,85,38800,1734,aaa
ab,66,28300,299,d
cba,75,10460,221,ba
c,63,7780,117,bab
cb,63,36160,331,d
cab,85,24680,1660,db
b,84,21080,172,db
cab,88,30260,850,dba
ab,74,9320,463,aa
ac,70,15780,1752,bab
a,88,38040,1295,d
cab,73,23460,335,aa
cad,79,1000,1320,d
aac,84,2980,521,aac
abc,88,11640,1526,dcc
bc,66,37900,404,dcc
acb,64,24400,390,d
cb,64,25820,167,dcc
cba,82,18180,1747,dc
cab,67,17340,1057,aa
cad,90,2100,699,d
ad,71,6560,878,a
abc,66,5280,1087,dab
ab,67,11900,569,d
cba,64,17900,1412,bab
bc,88,28480,101,d
b,90,6220,838,a
aac,82,18560,857,aaa
ba,72,9520,1181,aa
c,82,27160,1685,bab
b,87,3620,454,dab
ab,69,24780,1319,aaa
c,71,39380,1224,b
ab,78,34580,1449,a
b,61,18320,138,aac
abb,81,29960,376,a
b,73,6320,1249,b
cad,79,13380,596,dcc
abb,67,18680,1259,d
ba,86,11140,515,dcc
d,75,36620,150,a
b,76,28760,269,d
cad,63,6240,1109,ba
b,72,13240,1741,dba
cab,90,14120,542,da
cab,89,30900,1619,d
b,66,30040,1357,aa
cb,88,9280,948,dab
b,69,16460,916,a
ba,80,13840,326,d
ad,78,5580,250,d
aac,86,23580,1669,d
b,73,37820,1674,dba
a,88,37700,609,dab
d,74,16360,273,db
b,69,21960,453,dba
ba,86,31220,391,a
d,62,40420,294,b
cab,72,39040,1478,aac
b,75,23280,143,dab
ba,76,6600,1394,aa
acb,79,2520,1717,d
acb,67,17980,1619,b
ab,75,32880,1551,dab
acb,69,19220,475,d
cb,83,29460,429,d
c,66,10840,964,d
cb,84,11860,218,dab
cba,78,30940,1525,b
c,62,25400,477,bab
b,66,39160,1719,dcc
cb,80,39280,660,dab
cad,61,27560,1438,dab
ab,88,6720,842,b
b,79,8800,1197,d
acb,70,8040,1314,da
abc,86,38940,865,aac
b,73,17400,333,dab
ac,70,20360,875,aaa
ab,74,6740,624,da
cad,63,37620,184,a
abc,76,2880,1754,da
aac,75,26500,250,aaa
abc,80,38140,883,dcc
cad,61,660,352,da
cab,82,11360,469,aa
ad,62,16580,963,aa
aac,73,29600,585,bab
ac,86,35900,1362,aaa
d,68,23760,720,d
ab,89,12900,1694,aa
abc,62,620,1395,aaa
bc,73,29660,707,b
cba,72,13500,1041,aac
cb,87,26260,1101,d
bb,79,11200,1326,dba
aac,64,19060,1701,da
b,66,25960,658,a
cab,69,30100,1019,da
aac,67,19100,321,dab
ab,74,5800,702,aa
cb,75,34100,1495,aa
c,89,27080,618,dcc
ba,84,29800,1355,a
cb,80,21020,402,da
cad,71,36760,863,dba
a,67,33460,958,dba
cba,77,8360,783,bab
b,80,28200,1780,aaa
cad,79,36820,1613,d
c,69,9600,1648,bab
b,85,26840,182,d
b,76,34140,910,db
cba,75,15740,1034,a
bb,82,16220,775,a
ab,72,27180,1561,d
bb,71,8240,604,dc
b,75,800,1289,d
bb,81,37080,1062,aaa
cab,76,21300,1565,dcc
ac,62,22100,1667,db
cab,72,15520,1329,aac
cb,62,7880,662,aac
a,87,38280,1253,aac
ab,67,20180,1325,dab
b,69,32380,1572,ba
c,63,5980,130,dab
b,77,29180,152,d
abb,89,15400,1155,aac
cab,68,29200,513,dab
c,88,37340,255,d
ab,90,38660,1792,aac
cba,65,4820,132,dba
bb,62,29620,985,aa
c,82,33020,1430,aa
ba,62,14980,748,a
cab,85,29260,1708,d
bb,69,26520,787,dab
cab,74,36900,880,db
abc,87,33240,1372,a
b,90,19680,1772,da
b,70,15580,1700,da
cab,75,24860,1078,a
abb,88,38400,635,a
cab,66,1660,431,dba
b,68,25880,1169,a
abb,87,15840,681,aaa
acb,61,29880,60,aa
cba,73,30500,1509,a
b,77,2460,382,a
b,61,9040,1218,dab
d,62,21380,1222,d
cb,90,28800,789,aaa
cba,68,12160,963,ba
abc,88,22060,485,d
d,80,20760,75,b
abb,82,30960,575,aa
cad,66,34460,513,dba
c,81,28840,770,a
abc,72,15800,1171,dcc
cb,77,19640,1737,dab
ad,63,17820,360,a
bb,65,24660,513,d
c,88,37380,1013,dcc
ba,77,25860,1246,bab
ab,87,31020,704,a
ac,80,14960,158,d
ab,87,6700,1013,dab
abc,80,19260,1141,a
b,81,12040,1774,aa
acb,71,31960,883,a
ab,66,2320,833,a
ab,66,25120,110,aaa
cab,64,33440,1428,da
bc,85,16960,1373,aac
cb,69,3600,996,a
b,75,17080,1495,d
ab,72,20300,597,d
ac,74,22020,225,d
bb,89,37300,736,a
ab,71,14180,1589,aac
bb,71,14440,1059,ba
aac,76,27740,691,a
b,69,35380,1278,bab
cb,68,5820,661,b
cab,69,20320,674,d
ac,82,28440,862,b
acb,87,13160,270,dab
cab,80,8060,1344,aaa
ad,87,14940,1733,dcc
acb,76,14720,530,aaa
cad,83,7620,1108,d
a,84,19320,709,bab
aac,75,8980,996,a
c,68,18960,1177,aa
b,82,40180,206,dc
ac,61,35820,844,aa
d,70,39060,1771,db
b,76,39920,705,dab
a,85,15280,1420,aaa
d,69,30880,1094,aaa
acb,66,14780,865,dc
acb,89,13960,146,a
c,73,23140,1293,a
ab,61,9980,1309,d
bc,71,6000,83,da
bc,88,5380,560,b
cab,90,8780,1788,a
c,75,31640,229,bab
aac,72,31480,958,da
cad,78,34240,935,aaa
cb,74,23980,1792,b
ba,80,11240,302,d
bb,72,2620,1494,ba
b,67,30700,1021,d
b,62,23960,655,a
c,90,26340,1467,a
ba,65,15600,736,dc
ab,68,12100,1678,a
d,87,32060,1766,bab
b,74,35560,1030,d
b,68,10640,1602,d
b,78,11220,1294,da
a,78,28720,366,dcc
c,75,16800,202,aac
abc,90,19940,164,d
ab,72,26540,1410,da
ad,63,10180,1488,d
abc,61,19500,1031,d
d,78,17060,537,aaa
aac,70,15180,1442,dc
bb,63,33680,1677,aa
c,82,20900,507,d
aac,76,8720,1446,ba
abc,65,30980,1689,db
cba,85,4260,745,bab
cba,72,21460,1626,d
ab,79,3660,1632,db
cb,69,5400,99,a
cb,68,14060,329,a
a,72,28560,579,d
acb,77,9900,1375,dc
c,64,38300,971,d
b,75,3780,589,b
b,78,7220,476,da
acb,69,2760,1766,d
ab,89,12520,456,aaa
ab,78,37140,1066,aa
abb,63,14420,312,aac
b,83,940,234,a
cba,71,2280,646,dba
ab,75,25340,497,aac
a,63,27400,1090,aac
cb,66,7260,588,aaa
cb,81,23100,464,dab
cab,65,38020,570,d
b,84,17520,363,db
ba,69,38980,139,d
bb,66,34880,1048,aa
cab,83,30060,992,aa
abc,73,3000,335,db
bb,70,14840,919,da
b,64,13000,710,aa
d,73,20960,1555,d
a,88,22240,1769,d
bc,86,8540,1355,aac
c,73,14260,1213,d
cba,74,9360,1630,dc
b,70,9840,1435,dcc
cad,70,2540,679,d
bb,90,29480,796,dba
b,88,34180,1644,a
bb,73,27680,307,a
cab,71,33600,1658,dc
c,84,34160,1022,d
ac,88,26240,665,ba
d,67,10020,1335,b
aac,84,34900,241,aa
c,83,34620,1650,aa
b,79,24540,1059,aa
ba,88,13560,894,aac
cad,63,3760,648,dba
abb,89,17740,1045,aa
ba,73,16700,1547,dcc
abb,78,35240,1003,ba
abc,67,27200,1210,aac
abb,86,28220,1673,aa
c,63,34760,868,aa
b,67,32580,594,b
ab,71,36140,674,d
ba,66,22780,1309,aac
c,89,32180,984,dba
ba,71,26220,1164,dcc
abb,62,40500,1280,b
c,65,16020,1188,ba
c,87,19380,668,da
cab,69,700,177,aa
ab,86,30780,472,d
b,78,31780,108,aac
bc,77,39540,1686,dba
ac,87,28340,1334,dcc
cba,84,3280,355,aac
cab,80,4020,405,dc
bb,78,26940,761,d
b,84,21480,202,dab
acb,64,23860,833,dab
b,69,28520,170,da
ab,85,34420,720,a
b,68,37580,799,dcc
ba,90,33960,965,da
cab,65,36060,652,d
abc,86,19080,588,aa
ab,68,3740,201,dab
c,77,12880,579,ba
ad,87,2720,495,ba
d,72,40380,227,a
ac,69,26880,1299,b
ad,70,22140,1003,d
c,86,26000,354,d
b,79,34860,206,ba
cad,90,29220,850,aac
ba,80,5860,1704,d
cab,70,11320,309,a
ac,62,24920,1194,a
c,78,17860,1174,aa
bc,67,17360,970,dc
ad,70,31420,657,da
c,79,24120,760,a
ba,78,28100,564,a
abb,87,17560,99,aa
b,88,38120,807,aac
ad,63,38240,593,d
ab,83,39880,127,d
cab,72,39420,197,a
abc,76,34280,1193,dba
d,80,13280,1558,aa
b,64,21760,612,dab
cab,85,1340,1329,dab
b,73,30080,825,aa
ab,83,23780,1042,d
d,73,37280,905,dab
c,67,20660,565,dba
acb,65,38920,206,d
ba,79,6840,379,aa
abc,73,4200,1771,b
b,69,3120,648,aa
b,73,4320,1012,a
ab,90,38500,1681,dba
ac,85,13900,203,a
cba,75,11520,981,a
bc,72,33840,1411,db
ad,69,26560,114,dcc
acb,74,7320,590,dc
cad,66,16340,1666,ba
abb,68,12080,1445,aa
ab,75,40480,571,dba
abb,79,9380,418,dab
ba,66,1720,837,d
cba,61,15860,115,aaa
acb,65,18300,1375,db
acb,65,8500,901,aac
aac,81,24640,1413,a
aac,73,23900,1259,d
c,68,3700,1598,aac
b,69,36120,50,da
cab,86,24800,1385,dcc
d,85,37640,181,aac
ab,81,37120,1384,d
cab,77,3980,787,d
b,69,15660,692,b
b,62,24840,1149,aac
ab,76,37020,1484,aa
ab,80,25060,1405,a
b,78,35400,269,d
cb,71,5840,537,aa
c,64,19580,1295,da
ab,77,1980,1686,d
cab,61,40040,231,dab
acb,63,31820,1438,d
b,86,39560,912,dab
cab,70,37980,1424,dab
b,64,4500,1113,db
b,77,12200,941,d
abc,68,21000,879,dab
ac,69,39860,775,d
abb,76,25760,687,aac
acb,72,36660,1739,a
cad,89,37460,642,b
acb,83,21780,340,dba
bc,82,34220,1786,a
b,72,34660,996,aaa
cab,88,28580,160,a
cad,85,2600,120,d
c,73,29440,844,aa
abb,76,27860,256,aa
b,63,14660,471,d
b,80,7240,803,aaa
aac,77,24180,744,a
c,87,16320,355,d
ba,72,1820,261,aa
abb,86,33220,820,dc
b,69,32300,276,a
acb,72,39740,740,d
aac,83,3340,887,d
cba,65,23600,1058,dcc
b,85,16400,576,a
b,77,25420,1180,aac
b,65,28140,1108,db
cad,73,18740,1446,aac
c,89,17100,839,a
bb,84,1900,1666,b
b,63,1600,1441,da
abc,67,18360,45,d
bc,74,16900,1539,da
b,63,4040,485,d
d,61,34980,457,da
b,90,27300,1330,aa
b,76,27280,1559,d
bc,61,20800,1502,bab
bc,81,16680,521,a
b,76,40440,653,dc
d,86,3040,1470,d
ba,87,30820,1186,aa
ba,76,15680,292,a
c,71,31340,1625,bab
d,67,33760,1307,aac
a,82,2220,463,dab
ab,74,1360,585,d
cab,66,6880,1255,aac
b,77,10480,712,b
ad,79,29640,784,dab
ac,61,20820,337,aac
c,73,32440,1317,dcc
cab,89,24020,296,aac
ac,62,32360,1563,a
ad,85,32620,411,da
ab,63,17200,250,db
ac,77,5300,874,aaa
abb,77,19160,1547,dba
ad,86,5540,60,dcc
bc,67,23380,423,da
cad,84,11000,1302,dab
bc,70,11760,258,aac
aac,70,4160,888,d
cba,67,32680,253,aac
abb,89,35680,386,dc
ad,70,19880,850,aac
cab,62,12700,431,db
b,79,27800,349,dab
c,68,35060,511,aac
ba,87,29300,406,d
cad,63,15100,1694,db
a,83,25080,383,aa
ac,80,32260,1077,d
c,71,29820,330,aac
ab,82,26200,1290,b
ad,84,39220,1069,aa
b,77,29720,1232,dab
cab,75,25620,170,b
a,64,23840,468,aac
acb,67,22720,435,ba
cab,63,27240,1377,dab
ba,70,37840,293,b
abb,74,39680,710,bab
cad,87,23540,675,dc
aac,71,23000,1116,aac
ad,86,16620,1237,ba
ab,86,5680,355,dab
c,81,32400,1264,aac
aac,74,22200,655,d
bc,62,38420,172,aa
abc,61,18040,145,d
a,76,21880,164,da
bc,64,34400,1423,d
abc,85,1400,1063,dab
c,68,18700,1179,dba
ab,68,31360,500,ba
c,61,18340,559,db
ab,77,39720,1765,bab
bc,70,6460,1590,dab
c,68,7340,581,dc
bc,71,5660,1728,d
abc,69,15060,606,a
ac,89,20040,615,aa
ac,67,16120,719,aac
ba,71,14540,1225,dab
c,79,10660,1772,aa
bc,66,26060,1454,a
bc,61,31600,1530,dcc
b,65,31200,1238,a
b,62,8680,1678,d
ac,83,5940,1018,d
ad,87,3820,502,d
cab,84,11300,531,b
ac,80,38000,157,aa
ab,69,13720,536,b
ac,88,19740,1538,a
ab,90,17480,415,db
ba,70,4740,533,aaa
abc,73,30180,921,aa
b,62,32080,570,dab
ab,72,11880,1512,d
cab,77,1520,1467,d
cb,88,38200,555,dc
d,65,32960,1608,ba
a,73,37760,1335,dc
ba,74,25040,946,a
acb,85,21100,499,aa
b,87,14900,565,aa
ad,84,16200,582,d
ab,86,4840,803,dcc
cab,70,6440,131,db
a,88,29140,1683,a
b,69,17460,1361,aac
abb,84,37320,659,a
d,65,38560,803,aa
abb,68,15320,376,d
ac,68,17440,413,aa
ab,62,20280,1675,dab
cab,86,30340,793,dab
acb,87,20560,473,aac
cab,74,2420,1561,ba
ac,88,27760,626,d
b,81,10200,1281,a
cad,61,2480,464,b
abc,62,2840,139,bab
cab,83,34200,868,aac
b,85,8600,1797,db
cba,83,5220,107,dba
b,75,8960,400,db
abb,72,5440,1734,bab
ad,83,3200,1787,dcc
aac,82,40000,882,db
cb,86,37400,972,d
ac,79,40320,912,b
ba,75,26680,355,aa
ba,83,33740,601,d
cad,72,12740,1097,d
a,77,40020,1545,a
cad,76,24940,411,bab
cb,81,1200,1673,b
d,67,14020,659,dab
ab,66,10700,141,aa
cb,86,21800,151,a
abc,66,9660,1668,aaa
ac,79,24820,204,d
cad,76,25900,304,da
abc,85,3020,1595,a
ac,62,11620,671,d
ad,85,5000,1356,aa
a,75,28080,1531,db
bc,65,4460,300,ba
a,82,31680,1301,dab
b,78,24740,162,a
b,79,3720,685,aa
cb,68,35980,475,aac
d,76,3360,205,bab
b,77,23160,1578,aaa
c,72,11940,248,da
d,76,26400,702,dc
b,69,2960,672,da
ad,88,15020,146,b
cab,74,11580,1579,d
acb,80,29160,1505,d
ab,72,32640,494,a
d,67,12620,743,a
d,79,38360,510,aac
b,73,36300,750,a
bb,83,12820,126,aaa
bc,84,36340,1120,dab
cad,89,30240,1152,d
bc,69,21820,1211,d
ab,76,14700,1397,dab
abc,79,16100,656,a
d,88,22360,769,aaa
c,84,13440,1156,aac
d,72,29240,1265,d
a,72,27720,1210,a
c,66,33360,254,aa
ac,63,25360,982,aaa
c,75,36580,183,b
ac,72,14760,44,aaa
b,66,32700,893,d
bb,82,6340,269,a
abc,84,8920,615,a
ad,72,38440,266,dc
a,74,24620,1129,bab
abb,70,7540,120,dab
ab,64,11260,1055,aac
ac,72,30160,1200,dcc
b,74,36780,805,aa
ba,67,30840,1096,dc
abc,83,34060,1032,bab
cab,66,12460,1074,da
abc,77,19240,791,b
abb,80,14160,1555,aaa
c,84,25220,1227,d
ab,71,31040,1734,aa
b,82,34800,185,dab
acb,80,13300,1276,dba
b,76,14740,1255,d
ba,90,21640,1631,db
cab,66,15960,1394,db
cab,86,9640,1135,a
c,78,7200,1702,db
ab,86,36860,1320,dab
cba,74,18720,340,aac
b,78,33780,194,a
b,63,20580,1404,ba
ab,84,22560,129,d
ab,82,12480,76,aa
b,87,2700,718,bab
c,81,13120,607,dab
ac,85,17320,402,ba
b,82,30620,498,a
c,76,19800,683,dab
aac,78,37920,856,a
cab,61,34480,272,aa
c,74,12580,1382,b
abb,65,36500,1021,dc
bc,73,9260,1245,dab
abc,90,16720,1563,aa
bb,71,5060,1176,d
cab,66,35260,407,aa
bc,84,37160,1245,dab
ad,64,7740,52,db
bc,84,18460,1441,da
ab,75,8220,955,d
b,68,26040,1500,aa
ab,75,21440,172,dba
b,74,30280,1383,a
b,76,21860,370,d
abc,69,2240,1744,db
b,85,1700,1463,aac
abc,75,2380,1277,dab
acb,86,36640,854,dc
aac,83,28400,1269,b
d,89,33540,1194,aa
d,85,7960,1470,dab
cb,63,38460,1672,da
cad,72,39240,731,d
ab,79,23500,641,db
aac,74,39460,620,dc
cab,89,18640,669,aa
cad,71,12140,1374,aa
abc,86,9560,953,d
b,66,34820,611,d
ac,65,19120,318,d
abb,74,26100,1022,d
abc,73,2020,1732,d
abb,90,19200,1438,da
a,71,37060,1606,aa
cb,62,15380,1625,d
cad,64,13620,1075,da
ac,70,3860,576,d
b,86,25640,472,d
ba,74,29540,240,aaa
b,77,17160,80,b
ac,84,10920,1700,aaa
abb,75,26740,1671,dcc
ad,75,4760,350,aa
ac,88,39780,1376,bab
ab,79,20120,500,a
b,70,23820,849,a
d,73,20440,663,d
cab,88,25740,1797,dab
c,69,2940,1026,ba
cad,81,3540,969,a
a,88,17880,219,bab
b,80,11720,1095,dab
aac,87,35460,639,d
aac,87,19780,214,d
ba,74,25300,50,bab
ba,82,22520,585,a
ac,67,13820,915,da
acb,80,10800,1642,aa
ab,89,31620,1688,aa
bc,72,14360,1376,d
cad,85,32040,1088,b
cad,64,16560,1344,d
b,85,23920,545,aac
bc,61,10080,1306,aa
b,66,13220,1708,a
abb,66,15460,889,dab
bc,89,26720,91,dc
d,82,14000,606,d
ab,89,31060,1001,ba
bb,77,14860,673,dba
c,90,35880,1310,aac
ad,64,29080,1375,dab
b,66,14460,1669,d
b,79,7100,112,a
d,80,13540,794,aa
ac,70,40260,1770,aa
cab,61,6140,1528,aaa
c,70,9000,1123,da
bb,76,37660,1343,d
ab,73,4940,1234,b
b,82,5760,1332,a
ab,85,30360,1728,dcc
b,90,25100,1480,aaa
ba,81,17260,1306,d
ab,81,1280,1538,bab
aac,77,2680,1255,bab
b,83,11380,620,da
c,82,20220,1264,d
b,70,35220,73,a
b,77,1440,1036,dba
b,73,30460,605,dab
b,67,24000,1482,dba
cab,73,14880,1554,d
ab,90,22340,1274,dc
b,71,38080,753,bab
b,61,1920,928,a
ab,78,27580,232,dab
abc,90,21180,345,a
ab,61,27360,905,a
acb,67,36400,592,b
aac,71,32240,613,dab
acb,81,18940,1132,d
cab,74,720,1480,d
b,76,35340,306,aa
acb,87,2400,1527,d
c,81,9700,1380,aaa
c,67,19840,131,dab
bb,79,13940,1211,dab
ab,78,11700,1620,aa
b,74,19980,1551,aa
c,67,25720,1694,aac
abb,78,35360,1636,d
b,86,25800,746,dcc
acb,88,34380,1157,dab
a,81,15140,913,ba
b,70,7580,1559,a
cad,72,12660,519,dc
cad,70,40460,105,bab
c,65,22120,1403,d
cad,72,18440,1052,dcc
d,70,17040,1599,aac
b,76,8700,1481,d
ba,84,37780,1414,aaa
cad,66,35800,535,aac
c,61,31720,736,aaa
a,86,22860,202,aa
acb,74,18800,1353,a
b,76,34340,707,d
cb,77,9480,718,aac
abc,85,37480,108,dcc
abc,87,6300,1373,aa
cab,69,37540,1549,dcc
b,69,20620,547,aa
aac,74,8560,1371,aa
c,67,38780,400,a
ac,80,2740,1672,aac
cba,76,26320,665,aa
cba,77,2900,749,aa
ad,87,24760,888,a
abb,85,33580,434,d
b,63,16820,1283,aac
a,72,20540,951,a
cba,71,35840,439,a
b,76,10340,444,aac
b,63,10780,1179,dab
cb,88,8120,1577,aa
ac,71,7380,1546,dcc
ab,85,28260,253,ba
c,87,31760,1207,aaa
c,61,4120,480,da
cab,65,35280,1305,dab
ac,90,36100,1075,dcc
b,84,36200,1257,aa
abb,79,23120,1019,dba
ad,77,33080,1460,d
ab,84,18100,512,a
cad,80,22900,190,aac
ac,88,35920,785,a
bb,63,12180,331,db
bc,70,39400,1361,d
bc,77,20240,708,d
ba,76,24160,130,a
a,65,22660,946,d
cba,64,9800,946,aaa
ba,67,33200,109,dc
abb,89,23060,171,dab
ab,85,19540,247,d
ad,88,15300,845,aa
ab,66,10220,810,da
cab,88,7020,389,aa
b,90,21520,767,d
b,67,18020,973,dba
ba,61,15760,915,aa
cad,84,39440,606,da
ba,62,13580,710,a
ab,68,12860,867,da
acb,87,40360,1623,d
b,87,25440,1137,dba
cad,89,38620,199,aa
b,80,9060,930,d
abb,78,6860,372,a
cad,79,26960,1768,dba
abb,66,26820,1631,aa
b,62,20720,803,dc
cba,74,4220,1559,dc
ab,75,16240,1605,dba
acb,70,1800,1465,aac
b,64,5120,1635,da
cab,79,21140,1338,b
b,76,17540,1280,a
b,67,27140,662,d
cba,79,16520,1615,ba
c,69,6260,1325,db
c,77,11160,346,aac
ab,70,26920,362,d
b,73,23180,1130,d
ab,77,1620,697,d
aac,76,21500,1252,dcc
ab,84,21240,1121,d
c,69,13260,835,bab
abc,65,38640,1631,aac
aac,65,820,528,d
ad,69,10980,754,da
c,65,17380,1619,d
acb,62,23740,379,bab
cad,83,13020,794,dc
ad,85,29740,868,dcc
bb,84,24220,1192,a
bc,62,25260,1316,db
ac,73,9780,68,d
ab,63,1780,1419,aac
cad,65,4680,1508,aa
b,68,11600,1600,dab
cba,85,10320,755,dc
cab,80,13460,1780,aac
cb,75,2000,542,dab
b,75,39200,1425,aa
cab,89,30580,1711,bab
b,84,4540,126,da
b,72,35500,836,da
bb,76,31740,1749,da
cb,67,21940,712,a
bc,88,26620,966,db
cba,65,27000,138,bab
bb,77,10860,1211,ba
a,85,27780,1587,aac
b,84,20920,1280,d
b,68,31840,1389,b
ba,68,26180,523,a
c,79,24080,455,dab
ab,78,25140,1620,aa
b,68,20340,448,bab
cb,62,24060,1257,aaa
cab,71,1480,172,bab
ab,67,21840,1203,dba
ac,80,9140,1454,d
bb,75,23440,243,db
cab,70,15980,1461,aa
ba,66,1320,1438,dc
cab,88,12020,844,d
cab,88,34520,1551,d
cad,68,36940,1429,a
cba,69,15700,1129,aa
ac,68,33880,1647,a
c,77,17780,1071,dba
bb,85,29280,603,aac
b,89,19820,104,ba
b,77,21980,1014,aac
cab,78,22540,840,dab
c,83,3400,641,d
d,86,19720,272,db
cb,89,26420,1194,a
cad,79,40140,842,b
bc,72,2060,1099,a
b,64,12540,762,dc
d,77,13480,1046,b
c,87,34780,350,dba
abc,68,35020,188,b
b,79,8740,763,a
b,88,33660,1131,aac
ad,87,39800,1694,dab
abb,80,24340,1718,dc
acb,67,11340,1563,d
cba,69,9540,604,a
b,75,21920,603,aaa
cad,74,30600,328,a
acb,71,3380,800,aac
ad,77,16060,185,bab
cab,76,38160,897,bab
c,89,32660,196,dab
cab,89,27100,108,aa
b,88,7680,48,aac
ab,70,25020,1301,d
aac,72,35600,779,db
ad,72,5260,1252,aac
ab,78,17280,1638,a
b,71,36920,1069,aa
ad,71,17420,1562,aa
acb,88,17840,68,ba
bc,64,22680,1667,db
bb,65,22260,711,aac
abc,62,33160,432,aa
bc,72,16660,933,a
c,62,38900,921,aac
ac,63,22080,999,a
b,78,28640,1733,aa
acb,88,28820,873,aa
ab,90,15080,151,dab
d,90,16940,1788,aa
b,80,10680,1697,b
c,65,31180,1408,dab
cba,83,27340,244,a
cba,87,4720,1539,ba
cab,71,33000,101,db
abc,72,32540,1250,a
c,90,7520,937,aa
b,61,12000,1241,a
cad,88,4340,207,aa
c,79,10540,246,aac
b,73,14200,577,b
a,64,8420,987,bab
ab,66,26980,1532,dab
c,69,16840,1339,dc
abb,73,8140,1072,b
bc,77,17500,1135,d
bc,76,28000,985,db
d,69,15120,1261,dc
c,63,20860,1168,b
b,90,8940,317,d
abb,77,37600,1058,aa
ba,72,3420,1484,d
ab,77,28980,493,b
abb,65,33920,329,da
bb,88,31000,449,dab
abc,61,14140,441,aac
abb,62,20880,214,da
bb,66,25380,78,aaa
c,66,28860,470,d
bb,78,13040,1282,a
acb,82,12800,1374,dab
cab,68,19420,1789,dab
a,87,16600,797,aa
abb,79,36540,218,dab
bc,74,32000,1472,ba
aac,63,1840,1636,dab
cad,73,15420,1724,aa
d,90,10580,316,aa
cba,84,4380,1768,d
ab,72,4640,158,dab
c,78,38860,1619,db
a,87,14300,1277,dc
cba,67,33420,1577,dab
c,81,13080,491,aa
cad,63,2180,488,dc
b,66,28920,341,a
c,72,38380,155,d
b,61,28060,622,dcc
ab,86,6900,1052,dab
cab,64,26640,198,d
b,77,17300,52,aa
bc,90,39360,783,aa
cad,76,38540,338,dc
abc,62,10940,1541,d
abc,71,27380,1611,dcc
b,71,34300,1368,a
b,80,35620,1237,dcc
b,78,14100,653,a
abb,87,6200,1634,b
acb,61,29420,1251,d
ba,74,9880,872,dcc
ab,69,31580,1579,aa
b,77,32460,1115,d
abc,79,26760,795,dab
b,78,40120,1222,dab
a,63,12340,1371,dab
cb,86,600,204,dab
ab,79,6920,617,db
c,81,10000,1498,a
b,68,36360,226,bab
cb,80,29980,1574,dcc
ab,68,36320,999,dcc
ba,78,840,1781,da
c,68,30300,1608,dab
c,77,36480,852,da
c,70,21900,1660,ba
ba,77,6960,575,da
bc,88,3680,1288,db
cab,69,18500,1180,dab
b,67,35760,624,d
bb,85,20080,1086,db
ab,69,16500,1691,aac
ab,79,12560,995,a
bc,67,30200,1781,aa
bb,89,32100,1625,dcc
c,80,2260,165,a
cab,76,26360,1393,bab
b,83,26300,179,dab
b,83,28460,333,aaa
c,90,13660,172,bab
cab,74,20980,132,d
b,69,3460,1453,d
aac,73,39140,729,d
d,84,7720,375,b
cad,90,29700,484,bab
bc,66,10240,768,d
ad,70,17220,1034,aa
c,61,30140,846,aa
c,86,12240,310,aac
a,78,33140,1271,ba
cba,65,34000,435,da
b,85,16640,907,bab
c,67,38220,616,aa
ab,84,6480,392,d
cb,90,20060,312,da
a,80,20700,1282,dab
acb,70,34680,1459,aaa
abb,77,25200,1145,da
ab,66,19440,895,dab
cab,68,40100,1786,a
a,65,9720,829,aac
a,90,39940,394,aa
abb,71,12940,415,d
cab,70,5160,587,da
b,75,31240,1354,dcc
abb,84,27480,451,da
ba,74,11780,953,d
abb,84,2200,48,bab
a,67,37560,80,dc
bb,84,15560,1531,da
ab,78,25000,1096,d
ab,80,32780,481,dba
abb,80,28620,1769,b
ad,68,24360,577,dcc
abb,70,18380,1772,d
c,76,19560,1628,a
aac,84,20260,1752,ba
cba,67,28700,399,aa
cba,80,28020,1535,bab
d,73,1100,1415,dc
c,88,9620,119,d
ac,62,33560,166,dcc
cab,69,20160,1449,a
ba,90,15340,1347,ba
acb,84,37420,341,aac
b,68,24700,614,aa
ad,61,34700,1571,dab
ba,88,31940,1021,dcc
abb,84,9180,945,aa
d,62,39480,858,b
abb,63,29560,976,aa
cab,73,36960,937,d
bb,71,19600,417,ba
bb,66,19280,1074,aa
cab,85,13880,433,aa
abb,66,18000,776,a
b,75,24320,985,db
cab,72,9960,1075,a
bc,80,5420,1613,aac
b,64,14340,136,ba
abc,85,17020,823,a
ab,81,30420,363,aac
bc,75,22800,1343,d
b,64,35140,1359,aa
cad,89,6400,930,bab
d,65,33720,1370,a
ad,81,18760,858,dc
b,72,18840,329,aa
cb,89,35300,1534,aaa
c,72,13740,1720,ba
b,62,17580,1149,dba
cad,74,5140,1744,d
ad,82,36380,833,d
c,74,14680,237,d
b,70,27980,1055,d
ac,68,29060,843,aac
abc,63,33980,646,dc
b,83,27640,1335,aa
cb,67,9100,901,ba
ba,76,23520,311,d
abc,85,24140,1273,da
bc,73,7460,1097,dba
b,90,12220,1647,a
b,90,4600,1093,a
c,65,1120,277,d
c,74,7840,1295,d
b,71,11820,317,aa
bc,74,5640,1366,da
c,67,13600,1676,dba
b,74,33820,479,aac
acb,65,22580,1634,da
aac,63,30000,288,b
acb,80,20100,1724,d
cab,68,30860,1693,da
a,64,21420,1238,aac
cab,69,9240,812,b
cba,84,25320,1366,bab
cab,65,20680,709,d
c,78,18820,1280,b
b,67,8640,1664,aa
acb,79,36700,1609,dc
d,69,32220,666,d
cab,85,13800,966,aa
c,88,3300,222,d
b,77,11180,790,db
cb,61,19760,1312,aaa
a,90,13780,881,dba
cb,82,21220,1537,b
ad,85,13340,1755,d
ac,85,32160,381,dcc
cba,87,39980,852,dab
d,66,35520,681,da
d,86,22740,589,dc
bc,80,36440,259,dab
abc,79,6360,625,aaa
c,62,16040,521,d
cb,86,39840,779,aaa
c,63,39620,141,aac
b,85,15920,1646,d
b,81,35640,877,d
bc,88,37860,1265,dcc
ba,65,15880,1472,d
cba,73,31920,1525,dba
ac,70,33700,1603,dab
ab,85,26160,579,aac
aac,65,19620,887,a
aac,76,24520,1497,a
ab,64,4180,87,dba
cab,87,5320,1106,d
cb,81,5080,1725,b
cba,77,34560,373,d
cba,83,29580,1394,aac
acb,63,32340,1530,da
cad,89,38260,1738,aac
ab,65,24040,873,dcc
b,68,2340,43,a
ab,81,4700,1591,aac
bc,74,15440,91,aa
ba,81,3800,1155,d
b,76,13760,1532,d
b,87,6380,918,aac
b,83,19340,1224,dab
cad,78,7060,175,aac
c,77,5780,1058,dab
bc,78,6080,711,d
ac,86,15620,590,dab
b,64,19920,1664,da
cad,88,11840,360,ba
ab,65,26020,373,db
cad,66,21060,950,a
b,69,4560,1577,d
aac,76,26080,261,aac
bb,74,21560,1574,bab
ad,64,5700,508,a
cab,86,11540,947,a
bb,62,27440,1353,a
b,69,5200,1736,aac
ac,73,15160,1038,a
bc,65,18660,662,b
ac,65,7700,972,d
cad,74,14220,522,aa
acb,81,29340,609,aa
abc,65,2140,121,a
ba,67,30120,1692,d
cba,71,17700,874,ba
bb,81,18240,1734,aa
cad,61,13520,1200,a
b,85,39760,1144,dab
cad,81,26900,954,b
b,64,23220,1308,dba
ab,72,37000,733,d
aac,78,24300,379,bab
b,68,1380,756,ba
ba,70,34920,1778,dcc
b,90,24100,1432,d
b,80,31560,41,da
b,68,25240,1523,dc
cba,75,10100,327,aa
a,79,32020,463,aa
cab,84,28280,1504,a
ab,70,8160,1241,dcc
bb,64,33860,1044,aa
c,84,16880,1291,aa
cb,82,11060,1773,dab
cab,76,4400,1059,dab
b,85,34440,1336,aa
cab,86,32940,880,ba
b,78,36220,1261,d
b,79,26660,195,d
a,82,6680,800,d
c,64,7000,1599,b
abc,68,15540,626,aa
cba,69,9860,1425,aa
b,81,4100,1346,d
ad,69,24480,1159,a
ab,86,22640,356,aa
ab,71,33100,170,aac
c,70,26700,1646,dab
ba,70,37220,1577,aac
ab,76,3920,897,aac
a,83,27840,287,aac
abb,61,22220,1703,aac
a,67,1420,173,dab
cad,86,39300,265,d
b,76,34840,353,dab
cab,83,7140,954,dab
d,87,1220,1800,db
d,71,24600,1337,d
cb,62,33620,1778,a
bc,81,32840,1316,aac
c,68,35100,1729,dcc
ab,80,27500,594,dab
abc,75,2080,511,dba
bb,83,5020,1454,aac
abc,78,25480,1430,a
c,74,10820,188,d
cba,87,37960,1468,ba
acb,79,17680,1117,dba
acb,67,25780,1701,aaa
abb,73,26580,1001,aa
cab,66,9740,1158,da
aac,75,22600,1046,d
b,90,31300,796,bab
ab,68,35160,203,aac
b,85,31100,1058,d
aac,78,980,1091,d
b,73,7400,1471,aaa
ab,70,11560,252,dab
ab,74,9940,1223,dc
bc,70,5500,180,dcc
cab,65,7820,497,aac
cab,88,5340,1464,dcc
abb,88,34940,734,aa
a,83,18220,789,aa
b,83,6420,1691,aa
c,63,29500,1715,d
ba,83,38740,1268,b
cab,66,5740,1047,b
a,68,7920,370,aa
c,71,3220,190,aa
bc,87,23720,1745,d
b,82,14240,1675,dba
abb,72,28360,80,dab
bc,67,14560,334,dab
a,62,6100,1517,dab
a,80,8480,1076,dc
cad,90,6040,464,aaa
abb,88,22160,1559,db
cab,65,920,1299,d
b,86,21040,1142,dcc
b,83,11080,1692,b
acb,89,26780,1369,a
ad,61,9500,250,aaa
bb,67,35860,686,dc
bc,88,33380,797,aac
b,74,21260,1763,da
cba,75,5040,596,aa
a,88,37100,672,aa
b,90,3480,265,aac
b,64,15480,504,aac
abb,69,1160,815,a
abc,75,10440,800,aa
b,67,18140,1478,dab
ba,85,28500,889,ba
cab,90,36040,147,a
b,63,7120,717,dcc
ad,61,33900,1177,aac
abc,83,35000,1239,aa
cad,61,16260,1106,dba
c,79,8280,946,bab
abb,86,4080,1445,dba
abb,82,22760,641,db
c,75,35080,1321,aac
ab,67,10120,1066,a
c,64,38520,1687,ba
c,63,10360,1456,aac
cba,62,39080,153,dab
b,89,1760,1634,db
b,62,29920,85,aa
cad,73,11660,423,a
b,88,12600,930,da
cb,79,13100,130,aaa
ad,71,39520,817,d
abb,79,16740,1033,b
bb,75,16440,1115,aac
cad,69,1300,469,da
abb,81,4660,284,aa
ac,63,22320,169,da
b,85,35960,1631,d
d,67,25920,444,aa
aac,67,2040,629,bab
b,62,32980,119,dc
b,72,32760,829,a
cb,80,11020,1611,aaa
cba,63,10420,651,aa
cb,79,36880,456,dba
ad,69,19400,1023,a
cab,89,3560,640,d
cba,78,7360,1118,aa
abb,69,1060,99,da
cba,88,39960,1500,a
a,68,22440,59,da
b,83,18280,220,a
abb,87,3500,1480,dab
cab,78,23200,1688,da
b,77,34540,1192,b
ba,69,21160,808,aac
ab,68,17640,262,a
cba,78,11980,48,dc
ab,86,31320,1277,aa
ad,80,28680,1360,aaa
acb,88,5600,1116,db
cba,72,38340,715,a
bc,90,21120,736,b
acb,75,30440,748,aa
bb,65,2160,976,ba
bc,83,7480,758,aaa
d,76,28040,1195,bab
c,84,13180,417,aac
ad,62,12400,739,dab
abb,73,17920,83,da
bb,66,24580,1711,da
cb,84,27220,1730,aac
ba,64,36020,1463,d
ab,81,31260,635,aa
abb,61,9440,336,aa
acb,89,34740,672,d
abb,64,35540,924,b
abc,88,23800,806,aa
cad,62,8320,1106,a
cab,67,15360,1136,ba
ba,68,36520,405,dba
ab,71,17760,1166,aa
b,67,22460,960,aa
ac,75,23660,1622,aac
cab,67,23680,936,aac
cba,80,7760,1627,aa
bb,81,6120,241,dcc
b,75,4060,1573,dcc
abb,85,19480,665,da
cab,73,18860,681,dcc
abc,63,38100,116,aac
abb,70,13980,1229,bab
ab,71,740,1579,aac
b,61,33340,813,dba
cab,89,5720,147,a
bb,74,21280,260,aaa
cab,81,26280,1063,dab
acb,75,6180,342,bab
b,85,19520,1788,a
d,82,35440,945,da
ad,82,28180,378,db
a,78,3140,1104,b
d,64,18160,1032,bab
abb,68,22380,568,dba
bb,71,13920,412,dab
cad,74,1080,779,da
ac,81,16160,945,a
a,65,18080,1330,b
cab,77,9220,879,dba
abc,82,3440,480,da
ab,83,40560,1137,ba
bc,81,27660,1050,a
b,76,14640,263,bab
b,67,10280,983,d
b,73,6660,294,dab
cb,87,40400,1015,d
cba,87,29020,287,dab
ad,90,10140,974,dab
ac,87,8080,223,bab
cab,81,24960,1756,ba
cab,61,7640,760,aa
abc,73,25500,812,ba
abb,89,32800,274,aac
a,75,21340,1714,b
cab,72,15640,1080,aaa
c,76,38480,1614,d
bc,79,36600,1609,aa
cb,73,15940,1430,a
cab,69,3180,500,da
ba,84,40200,445,da
bc,75,23240,103,b
ab,67,12440,1447,aac
cba,83,12420,1413,dab
bb,83,28880,1252,d
abb,72,25580,1320,d
cba,68,22420,777,bab
b,90,37040,1675,aac
cba,71,34020,154,d
b,86,3960,955,da
c,64,16540,559,aac
cb,70,26600,1331,d
cba,88,8520,594,dba
cad,82,36740,617,da
ab,74,7500,450,dab
ac,80,31880,1573,aac
bb,63,7040,1015,da
acb,78,1940,397,dab
cab,63,4980,561,a
a,90,39900,1046,aac
b,85,39600,558,ba
cab,64,30400,205,a
abc,81,20740,274,aac
ac,81,36240,1351,dab
b,89,22040,1213,d
abc,81,7420,416,da
d,83,11740,258,aac
b,88,27020,521,dab
ac,75,4440,564,dcc
b,61,26460,408,bab
cad,71,20140,181,da
bc,88,3580,1073,db
bb,63,5520,568,aaa
b,69,28780,1491,ba
cb,90,30720,158,a
ad,85,8580,267,da
b,72,6520,866,dc
a,81,33300,156,d
b,87,7180,185,dab
b,61,18600,1526,da
cad,87,19140,1152,b
cad,70,27260,557,ba
ba,75,8100,1595,aaa
aac,66,13320,52,dab
b,66,27900,559,d
cb,70,33940,1277,d
bb,77,1540,1301,aa
cba,87,12920,1477,a
b,90,6980,1175,aa
abc,81,13360,521,aac
ab,81,37240,993,dab
cb,86,1680,376,d
ba,76,2780,243,a
a,82,2500,377,a
cab,87,8880,756,a
aac,73,16480,1099,da
b,73,38600,358,aa
bc,82,3900,1596,a
bb,64,29040,1673,dab
cab,73,28660,715,b
ad,64,36460,909,aaa
ad,67,8460,87,dab
bb,85,9420,1158,aaa
b,69,9920,167,dc
d,82,4300,1178,db
ac,81,30800,1459,b
bc,75,29860,949,aac
a,63,31500,1207,d
b,67,31400,1159,dab
d,87,2360,1665,d
aac,85,15040,1115,ba
b,75,16380,1566,b
c,66,14500,545,aa
cab,69,14280,1021,aa
acb,69,17140,1525,db
cab,72,11400,1784,dba
acb,83,21600,611,da
cba,74,31120,236,dba
bb,77,29840,725,aac
cab,67,18520,249,aac
bb,89,39640,1314,db
c,86,32140,1220,dab
a,85,25940,1721,dba
cab,86,11440,1321,da
a,64,9120,1012,d
ac,73,19020,1531,aa
ac,81,5360,283,b
ad,68,24420,475,aac
abc,85,20600,784,db
cba,89,36800,814,da
cba,71,9020,1022,d
cab,78,8400,577,aaa
b,73,2440,1359,aac
d,86,12980,633,aa
a,71,32200,1251,aac
cab,67,32420,862,dab
cad,76,20400,60,aa
cad,85,17180,233,d
abb,87,31700,1279,dc
cba,76,8620,1269,dcc
ad,84,1560,1462,da
abb,82,4860,313,ba
b,82,22400,64,dba
abc,87,30560,1276,da
d,87,18980,353,da
bc,90,24880,1226,da
cb,67,38840,1376,dc
cb,90,34640,1256,a
abc,69,40220,90,aa
ab,75,32600,1701,da
b,76,31980,1140,aa
d,76,17620,948,d
acb,80,36180,267,da
b,66,17720,590,a
bb,88,1860,885,d
b,79,29000,1009,bab
b,74,12720,1197,a
cad,67,6060,279,da
acb,75,38760,1744,da
b,61,31800,1309,d
d,72,6800,560,aac
b,63,7800,153,ba
cab,75,30740,1014,aa
d,81,32280,1403,dab
b,62,25180,1431,aac
cad,62,3320,1020,db
b,64,14400,288,dc
acb,88,37680,1506,dab
bb,82,40080,810,dab
ab,82,28600,1042,bab
bb,74,5240,1384,da
abc,84,27820,642,dba
cb,78,9340,285,db
acb,81,24980,279,dc
c,69,27520,1562,dcc
b,89,27620,932,aa
ba,89,34600,1531,a
b,83,20500,421,aa
cab,87,29380,920,a
c,78,3840,946,aa
acb,82,35120,1188,a
abb,83,10040,216,db
abb,65,12840,760,dab
cba,90,8340,680,d
acb,90,39020,1559,bab
ab,78,34040,481,dba
cab,84,7980,897,dcc
acb,81,33260,445,dcc
b,65,35660,1392,da
b,63,2920,171,d
cad,64,4280,1723,dc
cba,69,18780,125,d
cba,81,17000,507,d
aac,78,8860,298,ba
ab,82,12120,1277,b
cad,75,24460,841,aac
abb,84,14820,786,b
a,77,20380,1572,a
ab,64,10740,120,dcc
c,79,27120,335,a
d,63,33060,1752,dab
ac,61,11420,1462,d
b,88,9160,1480,dab
ba,77,11800,1730,dab
b,75,10760,744,da
ad,81,860,1576,aac
acb,84,16080,792,aa
cad,87,26120,928,aac
ab,78,6780,1377,aa
a,77,1140,1138,a
ad,74,34720,1022,d
c,62,10880,963,d
bc,80,26860,1527,db
ac,71,24260,788,db
c,86,5180,1105,da
ba,68,8020,690,aa
cab,90,23880,465,dab
b,88,12500,928,da
ab,78,3880,985,da
c,82,32480,1433,dab
acb,61,14040,210,db
cab,88,22300,831,aac
abb,66,18060,198,dab
cab,64,40340,1045,a
d,68,16300,437,d
ba,73,32820,1170,aa
cad,84,5480,440,aa
bb,69,680,1283,dab
ba,62,36840,177,a
d,70,34360,1350,aa
c,86,25160,798,a
b,75,22840,53,d
cab,75,36980,249,aac
c,72,13400,1293,da
bb,86,8660,1528,aa
cad,82,9680,1275,da
c,73,6940,145,dcc
b,73,10720,1243,a
cad,68,21400,429,dab
c,77,24440,457,a
cad,86,20520,644,db
bb,78,12300,505,dcc
c,89,16920,302,dab
cab,68,37740,1708,a
ab,62,30760,648,da
c,85,22280,884,dab
bc,80,21740,1172,d
c,80,34500,1076,b
cab,66,16000,671,aa
a,79,36260,380,d
b,70,760,1236,a
b,84,7300,1057,da
ad,71,14480,1632,a
ad,78,29940,1590,d
bc,84,9200,858,da
bc,75,3060,354,dcc
abb,69,11040,1771,aac
ab,68,22700,782,aac
b,62,6580,714,aa
bc,63,35780,953,d
c,69,16860,1563,db
abc,76,40240,815,bab
bb,80,3100,860,da
abc,85,32320,1523,d
c,80,29780,1331,da
d,84,20840,1358,da
cba,84,35740,629,d
cad,69,33800,445,dba
b,62,16760,1645,dba
bb,74,24560,1457,dcc
a,70,35040,508,dab
cba,82,4480,770,d
aac,90,17660,57,a
cba,64,11680,574,dcc
cab,84,16140,1678,dc
cba,69,14920,1022,aa
b,72,6820,636,aac
ab,70,16980,1252,dab
aac,64,37180,170,db
abb,84,39340,1459,dab
cab,67,24500,1680,d
ac,74,19700,1308,db
acb,78,36280,747,d
ab,88,12320,395,d
bb,71,12640,426,dab
d,86,40540,378,dba
a,85,38960,961,dab
d,63,23940,1547,aaa
c,89,26800,1572,aa
ba,66,20200,958,a
cb,68,26440,220,da
ad,76,26380,575,d
cab,87,20780,1467,aaa
b,63,9400,1698,d
b,77,25840,260,aa
cb,80,7560,1678,dba
cad,69,25660,1699,a
ba,87,12680,736,ba
bc,79,24720,174,ba
bc,74,34960,1382,dc
ba,65,38720,822,aa
cab,74,17940,1139,dba
b,81,17960,1458,da
cab,70,6280,967,aaa
b,72,33120,1078,ba
cba,63,11500,606,aac
c,82,9460,1497,d
b,78,25520,1487,aa
ad,74,15220,861,dba
c,76,17600,201,ba
c,86,20640,180,aaa
a,78,6640,1189,dcc
aac,65,30020,1155,aa
b,89,39700,1258,aac
b,87,32900,1064,a
acb,89,6500,773,a
ab,87,19960,1055,dab
ab,90,38700,638,dab
b,78,21360,181,ba
c,71,28960,1536,d
